customer_id,geography_id,customer_name,birthdate,maritalstatus,gender,datefirstpurchase
11000,26,Jon Yang,1986-04-08,M,M,2016-07-22
11001,37,Eugene Huang,1985-05-14,S,M,2016-07-18
11002,31,Ruben Torres,1985-08-12,M,M,2016-07-10
11004,19,Elizabeth Johnson,1988-08-08,S,F,2016-07-26
11005,22,Julio Ruiz,1985-08-05,S,M,2016-07-02
11006,8,Janet Alvarez,1985-12-06,S,F,2016-07-27
11007,40,Marco Mehta,1984-05-09,M,M,2016-07-12
11008,32,Rob Verhoff,1984-07-07,S,F,2016-07-28
11009,25,Shannon Carlson,1984-04-01,S,M,2016-07-30
11010,22,Jacquelyn Suarez,1984-02-06,S,F,2016-07-17
11011,22,Curtis Lu,1983-11-04,M,M,2016-07-02
11012,611,Lauren Walker,1988-01-18,M,F,2018-09-17
11013,543,Ian Jenkins,1988-08-06,M,M,2018-10-15
11014,634,Sydney Bennett,1988-05-09,S,F,2018-09-24
11015,301,Chloe Young,1999-02-27,S,F,2018-07-22
11016,329,Wyatt Hill,1999-04-28,M,M,2018-08-13
11017,39,Shannon Wang,1964-06-26,S,F,2016-07-15
11018,32,Clarence Rai,1964-10-09,S,M,2016-07-20
11019,52,Luke Lal,1998-03-07,S,M,2018-08-16
11020,53,Jordan King,1998-09-20,S,M,2018-07-02
11021,536,Destiny Wilson,1998-09-03,S,F,2018-07-27
11022,609,Ethan Zhang,1998-10-12,M,M,2018-07-24
11023,298,Seth Edwards,1998-10-11,M,M,2018-08-21
11024,311,Russell Xie,1998-09-17,M,M,2018-12-29
11025,24,Alejandro Beck,1965-12-23,M,M,2016-07-09
11026,4,Harold Sai,1966-04-03,S,M,2016-07-26
11027,40,Jessie Zhao,1966-12-07,M,M,2016-07-19
11028,17,Jill Jimenez,1966-04-11,M,F,2016-07-29
11029,32,Jimmy Moreno,1966-12-21,M,M,2016-07-22
11030,28,Bethany Yuan,1967-02-22,M,F,2016-08-08
11031,8,Theresa Ramos,1967-08-22,M,F,2016-08-04
11032,35,Denise Stone,1967-06-11,M,F,2016-08-21
11033,9,Jaime Nath,1967-09-23,M,M,2016-08-18
11034,12,Ebony Gonzalez,1967-06-19,M,F,2016-08-04
11035,33,Wendy Dominguez,1968-02-24,M,F,2016-08-09
11036,343,Jennifer Russell,1998-12-18,M,F,2018-07-26
11037,49,Chloe Garcia,1997-11-27,S,F,2018-07-24
11038,6,Diana Hernandez,1968-03-23,M,F,2016-08-10
11039,19,Marc Martin,1968-12-17,M,M,2016-08-10
11040,642,Jesse Murphy,1997-08-01,M,M,2018-10-05
11041,325,Amanda Carter,1997-10-16,M,F,2018-07-18
11042,338,Megan Sanchez,1997-06-13,M,F,2018-07-25
11043,325,Nathan Simmons,1996-02-24,M,M,2018-11-09
11044,25,Adam Flores,1969-05-24,M,M,2016-08-31
11045,8,Leonard Nara,1970-05-19,S,M,2018-10-12
11046,6,Christine Yuan,1970-03-22,M,F,2016-08-09
11047,34,Jaclyn Lu,1970-02-27,M,F,2016-08-06
11048,39,Jeremy Powell,1970-11-22,M,M,2016-08-13
11049,307,Carol Rai,2000-07-18,S,F,2018-09-10
11050,31,Alan Zheng,1971-09-07,M,M,2016-08-23
11052,8,Heidi Lopez,1971-08-07,S,F,2016-08-20
11053,359,Ana Price,2000-08-20,M,F,2018-07-21
11054,34,Deanna Munoz,1972-03-10,M,F,2016-08-06
11055,22,Gilbert Raje,1972-03-05,M,M,2016-08-03
11056,10,Michele Nath,1973-04-03,M,F,2016-08-29
11057,5,Carl Andersen,1973-10-12,M,M,2016-08-25
11058,29,Marc Diaz,1974-04-27,M,M,2016-09-09
11059,27,Ashlee Andersen,1974-04-01,S,F,2018-08-22
11060,40,Jon Zhou,1974-03-17,M,M,2016-09-19
11061,23,Todd Gao,1974-02-27,M,M,2016-09-13
11062,547,Noah Powell,1995-09-02,M,M,2018-07-11
11063,634,Angela Murphy,1995-04-07,S,F,2018-07-16
11064,315,Chase Reed,1995-12-07,M,M,2018-07-29
11065,331,Jessica Henderson,1993-10-09,M,F,2018-08-14
11066,543,Grace Butler,1993-11-27,M,F,2018-12-02
11068,40,Tiffany Liang,1975-09-23,S,F,2018-11-01
11069,23,Carolyn Navarro,1975-09-21,S,F,2016-10-18
11070,39,Willie Raji,1975-04-05,M,M,2016-10-29
11071,24,Linda Serrano,1975-06-26,S,F,2018-09-02
11072,17,Casey Luo,1975-02-06,S,F,2016-10-01
11073,16,Amy Ye,1976-08-14,S,F,2018-09-24
11074,28,Levi Arun,1976-08-28,S,M,2018-09-24
11075,32,Felicia Jimenez,1977-11-16,S,F,2016-10-29
11076,19,Blake Anderson,1977-07-13,S,M,2016-10-22
11077,36,Leah Ye,1977-09-19,S,F,2016-10-16
11078,49,Gina Martin,1994-01-10,S,F,2018-08-19
11079,34,Donald Gonzalez,1979-03-11,S,M,2018-09-16
11080,30,Damien Chander,1979-07-17,M,M,2016-10-11
11081,311,Savannah Baker,1986-07-24,M,F,2018-08-16
11082,322,Angela Butler,1986-08-04,S,F,2018-07-26
11083,336,Alyssa Cox,1986-03-15,M,F,2018-07-10
11084,543,Lucas Phillips,1977-09-12,S,M,2018-07-08
11087,307,Tamara Liang,1977-10-03,M,F,2018-08-29
11088,359,Hunter Davis,1977-11-25,M,M,2018-07-17
11089,337,Abigail Price,1977-02-05,S,F,2018-07-02
11090,338,Trevor Bryant,1977-12-17,S,M,2017-02-07
11091,50,Dalton Perez,1977-04-04,M,M,2018-08-02
11092,22,Cheryl Diaz,1987-05-06,M,F,2016-10-09
11093,19,Aimee He,1987-09-10,M,F,2016-10-08
11094,33,Cedric Ma,1982-04-01,S,M,2018-10-09
11095,13,Chad Kumar,1982-09-01,S,M,2016-10-02
11096,12,Andrés Anand,1982-08-10,M,M,2016-10-12
11097,40,Edwin Nara,1981-10-27,M,M,2016-10-05
11098,14,Mallory Rubio,1981-05-01,S,F,2018-08-15
11099,13,Adam Ross,1981-03-08,M,M,2016-10-08
11100,28,Latasha Navarro,1980-09-15,S,F,2016-10-17
11101,33,Abby Sai,1985-05-08,S,F,2016-10-30
11103,3,Cassie Chande,1984-10-17,S,F,2016-10-16
11104,23,Edgar Sara,1984-03-11,M,M,2016-11-04
11105,8,Candace Fernandez,1984-12-28,S,F,2016-11-14
11106,40,Jessie Liu,1984-09-11,S,M,2016-11-18
11107,17,Bianca Lin,1979-09-09,M,F,2016-11-01
11108,13,Kari Alvarez,1983-07-14,S,F,2016-11-03
11109,38,Ruben Kapoor,1983-11-05,S,M,2016-11-10
11110,3,Curtis Yang,1982-06-06,M,M,2016-11-01
11111,34,Meredith Gutierrez,1982-02-23,M,F,2016-11-20
11112,25,Crystal Wang,1982-09-09,M,F,2016-11-25
11113,30,Micheal Blanco,1982-02-21,M,M,2018-08-05
11114,14,Leslie Moreno,1982-05-28,S,F,2018-09-19
11115,17,Alvin Cai,1982-02-12,M,M,2018-08-14
11116,18,Clinton Carlson,1982-10-07,M,M,2018-09-16
11117,8,April Deng,1981-02-21,M,F,2016-11-06
11119,13,Evan James,1955-04-10,S,M,2018-08-07
11120,18,Beth Jiménez,1956-08-09,S,F,2016-11-14
11121,10,Orlando Suarez,1980-11-18,M,M,2018-12-26
11122,12,Byron Vazquez,1980-04-02,M,M,2018-08-25
11123,39,Philip Alvarez,1980-06-20,M,M,2018-10-19
11124,40,Ross Jordan,1977-07-27,S,M,2016-11-05
11125,37,Dana Navarro,1976-04-08,S,F,2018-08-04
11126,11,Shaun Carson,1969-04-07,M,M,2016-11-28
11127,361,Jan Edwards,1995-10-21,M,F,2018-10-12
11128,635,Samantha Long,1995-12-05,M,F,2018-12-21
11129,638,Julia Wright,1995-08-05,S,F,2017-02-06
11132,51,Melissa Richardson,2000-10-26,S,F,2018-10-11
11134,30,Larry Townsend,1966-02-26,S,M,2016-11-03
11135,302,Marcus Harris,1999-11-03,S,M,2018-10-20
11136,53,Brianna Morgan,1998-10-26,S,F,2018-07-07
11140,301,Javier Alvarez,1997-02-11,S,M,2018-09-20
11141,314,Nicole Ramirez,1997-06-21,M,F,2018-11-17
11142,51,Eduardo Patterson,1997-08-14,S,M,2018-08-17
11143,334,Jonathan Henderson,1997-02-04,M,M,2018-12-17
11144,607,Edward Hernandez,1999-09-09,S,M,2018-07-29
11145,536,Jasmine Coleman,1999-12-08,S,F,2018-07-29
11146,8,Karla Goel,1959-08-26,S,F,2018-08-09
11147,40,Ernest Wu,1959-02-05,M,M,2016-11-13
11148,22,Ross Vazquez,1961-08-16,M,M,2018-09-08
11149,25,Theodore Gill,1961-04-20,M,M,2018-12-06
11150,39,Russell Shen,1961-03-15,S,M,2018-09-28
11151,18,Melinda Gill,1962-02-25,S,F,2016-11-15
11152,633,James Williams,1996-01-10,S,M,2018-07-13
11153,635,Angela James,1996-06-23,M,F,2018-09-30
11154,553,Megan Walker,1996-08-21,S,F,2018-07-14
11155,301,Hunter Robinson,1996-01-26,S,M,2018-07-10
11156,334,Maria Roberts,1996-02-07,S,F,2018-07-12
11158,361,Jason Wright,1995-10-08,S,M,2018-07-23
11160,311,Maurice Tang,1994-01-08,S,M,2018-08-25
11161,311,Emily Wood,1994-04-22,S,F,2018-12-03
11162,331,Chase Cox,1994-03-05,S,M,2018-08-22
11163,372,Gabriel Wang,1994-12-20,M,M,2018-11-02
11164,374,Devin Brooks,1994-05-05,S,M,2018-10-29
11165,348,Jocelyn Alexander,1993-07-18,M,F,2018-11-26
11167,618,Jasmine Barnes,1992-08-01,S,F,2018-07-11
11168,348,David Rodriguez,1988-05-15,S,M,2018-07-19
11169,312,Bryce Richardson,1988-06-22,M,M,2018-11-27
11171,385,Jonathan Hill,1987-10-09,S,M,2017-02-20
11172,626,Gabrielle Adams,1987-11-21,M,F,2018-11-04
11173,552,Sarah Thomas,1987-09-01,S,F,2018-09-03
11175,300,Luis Wang,1983-03-05,S,M,2017-02-28
11176,50,Mason Roberts,1988-01-25,M,M,2018-08-06
11177,359,Jose Flores,1962-07-04,M,M,2018-09-30
11178,334,Nathan Johnson,1963-08-24,M,M,2018-08-25
11179,300,Molly Rodriguez,1963-06-14,M,F,2018-09-13
11180,307,April Anand,1963-01-02,M,F,2018-09-18
11181,338,Devin Martin,1963-08-08,M,M,2018-11-08
11183,368,Jasmine Lee,1964-07-15,S,F,2018-11-01
11185,53,Ashley Henderson,1964-10-08,S,F,2018-08-25
11187,612,Jennifer Cooper,1964-02-22,M,F,2018-10-05
11189,609,Lawrence Blanco,1964-07-15,S,M,2017-02-26
11191,310,Kristi Perez,1965-12-18,S,F,2017-02-11
11192,637,James Brown,1965-09-13,M,M,2018-12-25
11193,553,Ian Gray,1965-02-13,M,M,2018-08-29
11194,352,Jacqueline Price,1965-06-10,M,F,2018-09-14
11195,635,Megan Henderson,1966-02-10,M,F,2018-10-16
11196,536,Alfredo Romero,1966-06-07,M,M,2018-09-04
11197,637,Andrea Morris,1966-06-18,M,F,2018-11-03
11198,368,Brooke Sanders,1966-11-26,S,F,2018-08-09
11199,302,Jacqueline Bennett,1966-11-06,M,F,2018-09-19
11200,69,Jason Griffin,1967-11-22,M,M,2018-08-11
11203,60,Luis Diaz,1968-08-21,M,M,2018-08-24
11206,626,Blake Flores,1968-09-24,M,M,2018-11-12
11207,635,Danielle Cox,1968-07-19,S,F,2018-08-04
11208,325,Maria Reed,1968-02-04,M,F,2018-09-05
11209,336,Allison Evans,1968-01-13,M,F,2018-09-26
11210,383,Edward Wood,1968-06-08,M,M,2018-11-07
11211,50,Samantha Russell,1969-10-12,M,F,2018-08-05
11212,53,Chloe Campbell,1969-11-05,M,F,2018-08-03
11213,614,Stephanie Murphy,1969-05-14,S,F,2018-09-29
11215,62,Ana Perry,1970-06-21,M,F,2018-08-19
11216,547,Jasmine Torres,1970-05-20,S,F,2017-02-15
11217,547,Natalie Adams,1970-02-11,S,F,2017-02-10
11218,642,Olivia Brown,1970-09-11,S,F,2018-09-01
11220,310,Erica Huang,1970-02-23,M,F,2018-09-15
11221,334,Nathan Perry,1970-06-10,M,M,2018-10-09
11223,52,Hailey Patterson,1971-09-16,S,F,2018-08-02
11224,612,Tiffany Li,1971-09-06,S,F,2017-02-07
11225,635,Madison Lee,1971-02-16,M,F,2018-12-24
11226,552,Sydney Ross,1971-09-27,M,F,2018-08-25
11227,310,Marshall Chavez,1971-08-12,S,M,2017-02-03
11231,611,Dennis Zhang,1972-11-14,M,M,2018-08-14
11233,299,Todd Li,1972-09-09,M,M,2018-08-12
11234,337,Anna Griffin,1972-11-19,S,F,2018-08-12
11237,161,Clarence Anand,1978-09-23,S,M,2017-03-08
11238,232,Mayra Prasad,1978-08-10,S,F,2016-07-09
11239,249,Latoya Goel,1978-10-06,M,F,2016-07-22
11240,273,Anne Hernandez,1978-12-11,M,F,2016-08-30
11241,211,Lisa Cai,1977-10-11,S,F,2018-03-14
11242,209,Larry Munoz,1977-11-11,M,M,2018-03-23
11243,237,Robin Alvarez,1977-10-09,M,F,2016-08-24
11244,267,Alexis Coleman,1977-11-26,S,F,2016-08-15
11245,132,Ricky Vazquez,1976-10-27,M,M,2017-03-29
11246,147,Latasha Rubio,1976-10-09,M,F,2017-04-05
11247,242,Claudia Zhou,1976-06-06,S,F,2016-08-21
11249,178,Cindy Patel,1975-07-13,M,F,2017-04-11
11250,276,Shannon Liu,1975-03-12,M,F,2016-09-17
11252,335,Nicholas Thompson,1952-06-07,S,M,2017-02-14
11253,69,José Hernandez,1953-02-28,M,M,2018-09-02
11255,612,Colin Lin,1953-04-04,M,M,2018-08-27
11256,626,Katelyn Hernandez,1953-09-20,M,F,2018-10-17
11257,345,Jacqueline Powell,1953-01-06,S,F,2017-02-24
11258,352,Xavier Hill,1953-06-28,M,M,2018-11-22
11259,548,Victoria Stewart,1985-03-27,M,F,2017-03-07
11260,302,Katelyn Kelly,1985-04-12,M,F,2018-08-09
11261,359,Stephanie Collins,1985-04-24,M,F,2017-03-30
11262,60,Jennifer Simmons,1984-05-04,M,F,2018-08-31
11263,612,Trinity Richardson,1984-09-11,M,F,2017-03-01
11264,618,Eduardo Martin,1984-06-17,S,M,2018-07-06
11265,623,Elizabeth Jones,1984-07-13,M,F,2018-07-07
11266,632,Taylor Howard,1984-05-05,S,F,2017-03-13
11267,302,David Diaz,1984-10-02,S,M,2017-03-20
11268,312,Katelyn Carter,1984-05-03,M,F,2018-11-30
11270,334,Robert Lee,1984-05-04,M,M,2017-03-13
11271,360,Danielle Reed,1984-06-05,S,F,2017-03-30
11272,300,Lauren Martinez,1976-11-10,S,F,2017-03-22
11273,331,Nathan Lal,1976-10-01,M,M,2018-11-15
11274,609,Kyle Foster,1954-04-12,M,M,2017-03-01
11275,310,Jenny Rai,1954-01-18,M,F,2017-03-02
11276,49,Nancy Chapman,1983-09-19,M,F,2018-08-02
11277,62,Charles Jackson,1983-06-10,M,M,2018-08-06
11278,614,Jonathan Phillips,1983-08-20,S,M,2017-03-19
11279,616,Amanda Cook,1983-09-12,M,F,2018-09-04
11280,626,Robert Collins,1983-08-21,M,M,2019-01-02
11281,301,Megan Barnes,1983-10-10,S,F,2017-03-16
11282,612,Christian Thomas,1982-01-16,M,M,2017-03-03
11283,299,Arturo Lal,1982-10-26,M,M,2018-11-30
11284,307,Theresa Serrano,1982-03-27,M,F,2018-08-10
11286,374,Hunter Griffin,1982-03-03,M,M,2017-03-24
11287,49,Henry Garcia,1981-01-16,M,M,2018-08-02
11288,301,Cindy Sanchez,1981-09-16,M,F,2018-09-06
11289,315,Maria Carter,1981-03-07,M,F,2017-03-11
11290,334,Katelyn Sanchez,1981-08-18,M,F,2017-03-23
11291,335,Jenna Wright,1981-05-05,M,F,2017-03-07
11292,361,Seth Phillips,1981-11-05,S,M,2017-03-18
11293,632,Luke Long,1975-05-27,S,M,2018-08-28
11295,311,Taylor Lewis,1974-05-16,S,F,2017-03-28
11296,616,Haley Richardson,1955-10-07,S,F,2017-03-04
11297,301,Noah Coleman,1955-02-02,S,M,2017-03-29
11298,307,Jon Luo,1955-03-03,M,M,2017-03-15
11299,301,Orlando Vazquez,1956-04-01,M,M,2017-03-29
11300,54,Fernando Barnes,1980-03-03,M,M,2018-08-04
11301,607,Cameron Rodriguez,1980-06-09,M,M,2018-12-11
11302,539,Spencer Russell,1980-12-12,S,M,2017-03-09
11303,614,Julia Coleman,1980-10-11,S,F,2017-03-05
11304,547,Julia Garcia,1980-03-17,M,F,2018-09-21
11305,307,Sean Evans,1980-06-19,M,M,2018-09-26
11306,312,Micah Zhou,1980-06-22,M,M,2019-01-01
11307,314,Hunter Rodriguez,1974-11-04,M,M,2017-03-07
11311,626,Gabrielle Lopez,1973-08-24,S,F,2018-10-20
11312,626,Sara Richardson,1973-04-03,S,F,2018-11-18
11313,632,Trevor Jenkins,1973-02-27,S,M,2018-11-08
11314,618,Mya Flores,1973-12-21,S,F,2018-08-29
11315,632,Hailey Ward,1973-10-01,S,F,2018-11-21
11316,51,Luke Allen,1973-11-17,M,M,2018-07-16
11317,548,Victoria Russell,1972-09-17,S,F,2017-03-04
11319,348,Jade Bailey,1957-04-27,M,F,2017-03-12
11320,325,Morgan Hill,1957-06-26,M,F,2018-12-17
11321,612,Terrance Raman,1958-07-08,M,M,2018-08-27
11322,611,Sydney Garcia,1958-03-15,M,F,2018-09-25
11323,314,Jose Patterson,1958-06-20,S,M,2017-03-13
11324,325,Zachary Anderson,1959-05-14,M,M,2017-03-29
11325,637,Elijah Ross,1959-07-02,S,M,2017-03-22
11326,300,Rafael Xie,1959-06-26,M,M,2017-03-18
11327,301,Jaime Moreno,1960-03-04,M,M,2017-03-29
11328,55,Julian Griffin,1960-01-01,M,M,2018-07-09
11329,311,Andy Alvarez,1960-07-25,S,M,2017-03-28
11330,59,Ryan Thompson,1960-05-13,M,M,2018-08-16
11331,63,Samantha Jenkins,1988-07-06,M,F,2018-08-11
11332,153,Deanna Ramos,1982-10-04,S,F,2017-04-17
11333,261,Emily Miller,1982-07-10,M,F,2016-09-21
11334,269,Nicole Brown,1981-03-22,M,F,2016-09-04
11335,120,Carla Raman,1981-06-24,M,F,2017-04-25
11336,204,Shaun Raji,1982-03-12,M,M,2018-03-31
11337,273,Jerome Romero,1981-09-21,M,M,2016-09-09
11338,154,Frank Navarro,1981-08-10,M,M,2017-04-13
11339,202,Dennis She,1981-07-08,S,M,2018-04-10
11340,192,Melody Munoz,1956-04-06,M,F,2018-04-30
11341,236,Randy Zeng,1956-08-21,M,M,2016-10-12
11343,264,Arthur Carlson,1978-09-13,M,M,2016-10-05
11344,262,Jessie Jimenez,1977-07-24,M,F,2016-11-13
11345,224,Robin Ramos,1977-03-12,S,F,2018-04-25
11346,196,Deanna Gutierrez,1975-05-22,S,F,2018-04-04
11347,156,Roy Navarro,1975-12-23,M,M,2018-09-17
11348,151,Shawn Rai,1975-09-22,M,M,2018-10-02
11350,265,Cara Zhou,1957-01-14,M,F,2018-08-09
11351,253,Anne Ramos,1959-04-06,S,F,2016-12-13
11352,222,Raymond Rodriguez,1960-03-07,M,M,2018-11-02
11353,271,Carrie Ortega,1961-06-11,S,F,2016-12-13
11356,6,Terrence Carson,2000-05-27,S,M,2016-11-10
11357,21,Ramon Ye,1999-03-23,S,M,2016-12-19
11358,2,Cynthia Malhotra,1998-11-11,S,F,2016-12-29
11359,7,Jarrod Prasad,1998-09-04,S,M,2016-12-14
11360,26,Tyrone Serrano,1998-08-02,S,M,2016-12-28
11362,33,Damien Shan,1997-11-11,M,M,2018-09-30
11363,35,Julian Ross,1997-10-20,S,M,2016-12-09
11364,34,Jennifer Collins,1999-09-23,S,F,2016-12-08
11365,29,Brittney Sun,1999-06-09,S,F,2016-12-01
11366,37,Virginia Patel,1999-10-25,M,F,2018-12-26
11368,26,Edward Miller,1998-11-25,S,M,2016-12-25
11372,20,Wendy Romero,1998-05-15,S,F,2016-12-08
11374,162,Jimmy Ortega,1963-06-28,S,M,2018-10-17
11377,161,David Robinett,1981-02-23,M,M,2018-09-01
11378,184,Shannon Liang,1980-05-22,S,F,2018-04-20
11379,214,Gary Vazquez,1979-11-18,M,M,2018-04-05
11380,175,Mitchell Kumar,1979-03-02,S,M,2017-04-13
11381,249,Meredith Raman,1979-08-22,M,F,2016-12-13
11382,189,Edward Patterson,1978-01-19,M,M,2018-05-07
11387,238,Megan Ramirez,1979-06-02,S,F,2017-01-26
11388,279,Joseph Martin,1979-07-24,M,M,2017-01-03
11392,131,Willie Zhao,1990-02-07,S,M,2018-09-30
11394,259,George McDonald,1989-10-23,S,M,2017-01-04
11395,118,Beth Gutierrez,1990-10-18,S,F,2017-05-17
11398,261,Colin Nath,1989-09-09,S,M,2017-01-03
11399,202,Brenda Mehta,1989-08-04,S,F,2018-10-15
11400,251,Franklin Raji,1989-04-19,S,M,2017-01-15
11401,204,Linda Navarro,1989-08-26,M,F,2018-05-01
11402,183,Kelli Cai,1989-11-20,M,F,2018-05-11
11403,179,Nancy Schmidt,1989-01-09,S,F,2018-05-01
11404,133,Megan Taylor,1972-01-01,S,F,2018-08-14
11405,143,Bonnie Goel,1972-02-17,S,F,2018-10-02
11406,199,Latoya Xu,1972-07-03,M,F,2018-05-08
11407,170,Mario She,1972-04-02,M,M,2018-12-25
11408,257,Darren Gill,1973-05-14,M,M,2018-09-06
11409,208,Jacqueline Hayes,1988-03-05,S,F,2018-05-21
11410,201,Maurice Goel,1988-08-25,M,M,2018-05-17
11412,121,Sydney Bryant,1974-04-09,S,F,2017-05-08
11413,238,Megan Stewart,1974-04-15,M,F,2017-02-10
11414,241,Ian Richardson,1974-03-18,S,M,2017-02-13
11416,185,Katrina Becker,1965-03-19,M,F,2018-05-11
11417,222,Lacey Zheng,1965-02-26,M,F,2018-05-08
11419,273,Kyle Scott,1965-02-18,M,M,2018-09-13
11420,189,Jordan Turner,1966-07-12,M,M,2018-05-05
11421,172,Amy Sun,1966-07-19,M,F,2017-05-06
11422,268,Dustin Deng,1966-09-01,M,M,2017-02-22
11423,147,Jasmine Stewart,1974-11-05,M,F,2017-06-12
11424,164,Pamela Garcia,1973-12-07,M,F,2018-10-23
11425,184,Ariana Gray,1974-08-06,M,F,2018-05-26
11426,156,Kristopher Mehta,1973-10-02,M,M,2018-10-11
11427,168,Desiree Dominguez,1973-12-18,M,F,2017-06-22
11428,173,Deanna Perez,1973-08-22,S,F,2017-06-07
11429,218,Marco Lopez,1972-07-16,M,M,2018-06-17
11430,155,Casey Yuan,1972-03-24,M,F,2018-09-20
11431,120,Bryant Garcia,1972-10-27,M,M,2017-06-23
11432,206,Dominique Prasad,1971-09-11,M,F,2018-06-13
11433,224,Maurice Shan,1971-09-02,M,M,2018-06-05
11434,274,Andre Lopez,1971-05-06,M,M,2018-12-17
11436,273,Taylor Cox,1970-09-18,M,F,2018-11-23
11438,162,Jenny Nara,1969-10-14,M,F,2018-08-09
11439,217,Janet Munoz,1968-05-17,M,F,2018-06-02
11440,187,Sergio Weber,1967-09-27,M,M,2018-09-28
11443,31,Grace Griffin,1996-05-22,S,F,2016-12-08
11444,32,Tina Mehta,1996-04-28,M,F,2016-12-02
11445,15,Kari Kim,1994-07-21,S,F,2016-12-07
11446,5,Bethany Chander,1994-08-12,S,F,2016-12-19
11447,25,Jennifer Roberts,1994-08-16,M,F,2016-12-29
11448,35,Kyle Patterson,1995-04-28,S,M,2016-12-17
11449,37,Alvin Hu,1995-02-02,M,M,2016-12-20
11450,28,Brett Mehta,1995-11-12,S,M,2016-12-30
11451,10,Ruben Muñoz,1994-11-09,S,M,2017-01-29
11452,21,Erika Rubio,1993-11-05,S,F,2017-01-11
11453,31,Stanley Malhotra,1993-08-21,S,M,2017-01-15
11454,35,Melinda Navarro,1994-04-22,S,F,2017-01-31
11455,36,Ross Sanz,1994-04-21,M,M,2017-01-01
11456,17,Jon Gao,1994-07-08,M,M,2017-01-17
11457,19,Jaime Gutierrez,1993-05-21,M,F,2017-01-17
11458,16,Bianca Liu,1993-04-05,M,F,2018-10-01
11459,13,Tasha Deng,1992-10-13,S,F,2017-01-27
11460,33,Melvin Chande,1992-10-07,S,M,2017-01-21
11461,6,Victor Jimenez,1992-03-25,S,M,2017-01-31
11462,8,Laura Lin,1992-01-19,M,F,2017-01-16
11463,28,Alisha Beck,1992-03-12,M,F,2018-09-06
11464,38,Alejandro Huang,1991-11-16,M,M,2017-01-22
11465,23,Louis Luo,1991-02-19,M,M,2017-01-14
11466,6,Grant Tang,1991-08-03,M,M,2018-11-23
11468,278,Jaclyn Andersen,1995-06-18,M,F,2017-02-08
11470,177,Jay Suarez,1993-09-25,S,M,2017-07-25
11471,207,Latasha Suarez,1993-09-25,S,F,2018-11-18
11472,24,Kenneth Kumar,1983-04-03,S,M,2017-01-26
11473,221,Grace Henderson,2000-08-02,S,F,2018-12-04
11475,251,Cesar Subram,1998-10-09,S,M,2018-10-25
11478,218,Billy Hernandez,1993-02-25,S,M,2018-10-21
11479,182,Darryl Wu,1993-04-22,M,M,2018-06-08
11480,224,Colleen Ma,1993-03-11,M,F,2018-06-28
11481,156,Erica Hu,1993-05-23,M,F,2017-07-30
11482,272,Adrienne Torres,1992-07-19,S,F,2017-03-11
11483,199,Calvin Chande,1992-05-22,M,M,2018-06-25
11484,171,Erick Sai,1992-03-06,S,M,2017-07-05
11485,237,Donald Chandra,1992-08-07,M,M,2017-03-17
11488,256,Jermaine Lopez,1991-09-21,S,M,2017-04-30
11489,262,Deborah Goel,1991-03-07,S,F,2017-04-30
11490,217,Danny Rubio,1991-01-06,S,M,2018-10-06
11491,255,Andre Perez,1991-04-06,M,M,2017-05-10
11492,115,Terrence Chander,1991-11-19,S,M,2017-08-14
11493,255,Dawn Wu,1990-12-02,S,F,2017-05-17
11494,267,Jimmy Gutierrez,1990-07-28,S,M,2017-06-25
11496,272,Gary Ortega,1990-10-17,S,M,2017-06-02
11498,49,Arturo Sun,1994-01-15,S,M,2018-09-01
11499,311,Pedro Vance,1994-11-14,S,M,2018-10-08
11500,52,Sarah Simmons,1994-09-18,S,F,2018-08-04
11501,49,Brandy Chandra,1995-07-07,S,F,2018-09-28
11502,63,Jared Peterson,1995-03-07,S,M,2018-08-03
11503,312,Dennis Wu,1950-10-13,M,M,2018-11-27
11504,315,Jordan Baker,1951-04-20,M,F,2018-11-02
11505,43,Jasmine Powell,1986-07-07,S,F,2018-08-26
11506,60,Nicholas Brown,1986-05-17,S,M,2018-09-09
11507,69,Isabella Russell,1986-11-20,S,F,2018-08-21
11508,626,Elizabeth Wilson,1986-07-07,S,F,2018-11-03
11510,54,Seth Roberts,1973-07-13,M,M,2018-09-13
11511,543,Caleb Perry,1973-06-14,M,M,2018-09-14
11513,62,Alyssa Howard,1974-09-27,S,F,2018-12-10
11514,642,Dalton Diaz,1974-04-20,M,M,2018-12-26
11515,301,Shannon Huang,1974-02-25,M,F,2017-03-03
11516,310,Mya Gonzales,1974-10-21,M,F,2017-03-18
11517,355,Katherine Bryant,1974-06-20,M,F,2018-12-28
11519,49,Jerome Navarro,1975-03-17,M,M,2018-09-14
11520,60,Jada Morgan,1975-04-11,M,F,2018-08-26
11521,644,Ariana Peterson,1975-12-09,M,F,2018-09-06
11522,546,Christian Hughes,1975-12-23,M,M,2017-03-06
11523,54,Lucas Taylor,1976-08-10,M,M,2018-08-19
11525,543,Ariana Cook,1976-01-09,M,F,2017-03-09
11526,70,Katherine Diaz,1976-08-06,M,F,2018-08-07
11527,361,Jenna Green,1976-06-04,M,F,2018-08-11
11528,325,Joan Washington,1977-08-19,M,F,2017-03-15
11529,547,Austin Bryant,1977-11-16,M,M,2017-03-27
11530,54,Andrew Martinez,1977-07-26,M,M,2018-08-01
11531,300,Nina Yuan,1977-01-07,M,F,2017-03-02
11532,634,Lauren Miller,1977-02-26,M,F,2018-10-07
11533,280,Ebony Gill,1977-07-21,M,F,2018-11-15
11534,337,Cameron Lewis,1978-11-13,S,M,2017-03-21
11535,543,Devin Nelson,1978-07-03,M,M,2017-03-05
11536,322,Logan Chow,1978-04-17,M,M,2017-03-27
11537,310,Dakota Ross,1978-03-24,M,M,2017-03-24
11538,352,Nicole Taylor,1979-08-28,S,F,2017-03-19
11539,311,Justin Washington,1979-08-22,M,M,2017-03-26
11540,312,Alberto Navarro,1979-01-28,S,M,2017-03-16
11541,547,Aidan Ross,1979-04-12,S,M,2017-03-15
11542,278,Alejandro Tang,1988-09-10,S,M,2018-11-12
11546,189,Christine Chande,1988-03-14,M,F,2018-06-05
11547,201,Cindy Sai,1988-03-08,M,F,2018-06-28
11548,230,Raymond Sanchez,1988-10-12,S,M,2017-06-04
11549,257,Crystal Liang,1988-09-06,M,F,2017-06-23
11550,263,Deb Torres,1988-08-08,S,F,2017-07-23
11551,215,Shannon Alvarez,1987-05-25,S,M,2018-09-02
11554,224,Sydney Simmons,1946-09-28,S,F,2018-11-09
11555,237,Alexandria Henderson,1946-07-08,M,F,2018-11-09
11561,159,Briana Dominguez,1986-07-24,S,F,2017-08-22
11562,158,Jarrod Gonzalez,1986-04-19,M,M,2018-12-28
11564,146,Jorge Liang,1986-07-12,S,M,2017-08-19
11566,226,April Shan,1987-09-02,M,F,2018-08-01
11567,165,Carla Perez,1987-09-23,M,F,2018-09-16
11568,236,Alexia Foster,1986-10-23,S,F,2017-07-13
11570,124,Kristin Andersen,1986-01-22,M,F,2017-09-26
11571,183,Joel Sai,1986-05-18,M,M,2018-06-15
11572,186,Billy Moreno,1986-03-15,M,M,2018-06-12
11575,243,Jackson Campbell,1985-04-21,S,M,2017-07-23
11603,244,Geoffrey Gonzalez,1997-02-06,S,M,2017-07-21
11604,275,Edgar Sanchez,1997-06-03,S,M,2017-07-06
11609,277,Eugene Ye,1996-06-26,S,M,2017-07-31
11610,269,Blake Collins,1995-04-23,S,M,2017-07-13
11612,230,Keith Andersen,1994-10-11,S,M,2017-08-05
11750,10,Latoya She,1988-03-24,M,F,2017-01-14
11751,36,Victoria Gonzales,1990-07-17,M,F,2017-01-08
11754,7,Janet Ortega,1990-07-08,M,F,2017-01-16
11756,17,Linda Ortega,1988-09-13,S,F,2017-01-28
11759,28,Dawn Nath,1989-11-22,M,F,2017-01-10
11761,31,Edgar Mehta,1987-04-19,S,M,2017-02-05
11762,19,Randall Gomez,1987-08-24,M,M,2017-02-07
11764,10,Jessie Ramos,1987-07-17,S,F,2017-03-12
11765,11,Marc Torres,1986-10-11,M,M,2017-03-15
11766,38,Candace Raman,1986-07-04,S,F,2017-03-22
11767,24,Meagan Madan,1986-05-24,S,F,2017-03-20
11768,30,Clayton Nara,1986-10-08,M,M,2017-03-06
11892,14,Julio Ortega,1989-10-08,M,M,2017-03-07
11893,18,Orlando Carlson,1989-02-09,M,M,2017-03-03
11894,25,Ann Gonzalez,1989-05-04,M,F,2017-03-25
11895,23,Dustin Chander,1989-07-21,M,M,2017-03-15
11896,16,Frank Carlson,1989-11-18,M,M,2017-03-04
11897,38,Orlando Ashe,1988-11-28,S,M,2017-03-02
11898,20,Angela Henderson,1990-07-03,M,F,2017-03-17
11899,36,Brenda Perez,1990-09-16,S,F,2017-03-07
11900,10,Byron Carlson,1990-03-07,S,M,2017-03-24
11901,3,Stacy Alvarez,1988-02-19,S,F,2017-03-13
11903,21,Kate Raji,1989-04-27,S,F,2017-03-24
11904,34,Kaylee Cook,1989-11-09,S,F,2017-03-20
11905,31,Isaiah Ramirez,1989-06-16,S,M,2017-03-01
11906,20,Gabriella Sanders,1987-02-18,M,F,2017-03-13
11907,19,Sarah Garcia,1987-09-08,S,F,2017-03-31
11908,38,Rafael Tang,1986-07-11,S,M,2017-03-22
11909,26,Nichole She,1986-02-10,M,F,2017-03-23
11910,4,Jaclyn Zheng,1986-06-12,M,F,2017-04-11
11912,27,Rachael Sai,1985-12-17,S,F,2017-04-29
11914,13,Meagan Rana,1988-05-08,S,F,2017-04-20
11915,13,Philip Carlson,1988-03-16,S,M,2017-04-04
11916,40,Joe Rana,1985-09-07,S,M,2017-04-03
11917,3,Roy Sanz,1985-10-22,S,M,2017-04-29
11918,2,Kaylee Hill,1984-03-03,M,F,2017-04-15
11919,26,Warren Andersen,1984-02-18,M,M,2017-04-07
11920,20,Adrienne Gomez,1984-02-28,S,F,2017-04-12
11942,10,George Gonzalez,1969-06-13,M,M,2017-04-17
11943,40,Dawn Huang,1969-02-27,M,F,2017-04-20
11944,15,Rachael Rodriguez,1970-10-15,S,F,2017-04-21
11946,18,Brandy Saunders,1971-01-03,S,F,2017-04-23
11947,14,Jenny Zheng,1971-10-22,S,F,2017-04-15
11952,34,Dorothy Robinson,1974-09-23,S,M,2017-04-07
11963,2,Antonio Patterson,1975-06-13,M,M,2017-04-24
11964,22,Sharon Salavaria,1976-02-17,S,M,2017-04-16
11967,25,Latasha Munoz,1977-02-10,S,F,2017-04-25
11968,9,Kelsey Becker,1978-10-21,S,F,2017-04-30
11969,30,Randy Xu,1978-07-25,S,M,2017-04-21
11976,12,Audrey Ramos,1979-05-26,S,F,2017-04-27
11977,10,Bonnie Jai,1979-05-23,M,F,2017-05-04
11986,34,Max Alvarez,1983-07-24,S,M,2017-05-25
11988,4,Kathryn Chapman,1982-08-20,S,F,2017-05-13
11989,24,Kara Anand,1982-03-28,S,F,2017-05-06
11990,10,Joanna Vazquez,1982-07-15,S,F,2017-05-16
11994,27,Leah Hu,1986-10-22,S,F,2017-05-28
11996,21,Veronica Srini,1980-08-02,S,F,2017-05-07
11997,2,Kristina Kapoor,1980-04-07,M,F,2017-05-08
11998,24,Donna Sharma,1980-08-10,M,F,2017-05-19
11999,10,Johnny Shan,1980-06-05,M,M,2017-05-13
12000,21,Ashley Russell,1985-03-12,S,F,2017-05-19
12001,4,Shannon Yang,1985-07-06,S,F,2017-05-17
12002,5,Adriana Lopez,1984-02-06,S,F,2017-05-27
12003,25,Audrey Munoz,1983-03-11,S,F,2017-05-09
12004,36,Jarrod Suri,1983-12-20,S,M,2017-05-11
12005,24,Gilbert Shen,1982-07-17,M,M,2017-05-24
12007,20,Shannon Sun,1981-07-26,M,F,2017-06-09
12009,11,Ann Martinez,1977-08-03,S,F,2017-06-13
12010,27,Max Serrano,1977-02-26,M,M,2017-06-23
12011,32,Morgan Johnson,1955-02-17,S,F,2017-06-03
12037,21,Patricia Chapman,1963-09-14,S,F,2017-06-29
12039,32,Ricardo Nath,1963-02-13,M,M,2017-06-29
12123,275,Wesley Liang,1978-06-14,M,M,2017-08-13
12124,192,Brandi Gill,1977-02-08,S,F,2016-08-01
12125,149,Diana Ortega,1977-01-12,M,F,2017-11-16
12128,123,Kristy Munoz,1976-12-16,M,F,2017-11-02
12129,158,Wendy Alvarez,1976-09-21,M,F,2017-11-26
12130,151,Suzanne Zhou,1976-08-12,S,F,2017-11-09
12131,186,Randall Dominguez,1975-10-17,M,M,2016-08-24
12132,224,Kaitlyn Henderson,1975-11-19,M,F,2016-08-02
12133,242,Colleen Xie,1975-12-26,M,F,2017-08-14
12210,247,Alan He,1998-09-25,M,M,2017-09-16
12214,243,Julie Raje,1982-09-20,M,F,2017-09-08
12215,254,Karla She,1982-12-14,M,F,2017-09-11
12216,258,Gerald Rodriguez,1982-04-02,M,M,2017-09-26
12222,248,Jenny Xu,1981-03-20,M,F,2017-09-14
12239,254,Alberto Ramos,1962-06-01,M,M,2017-09-24
12263,259,Emmanuel Garcia,1980-03-15,S,M,2017-09-29
12292,229,Nicolas Kumar,1964-03-24,M,M,2017-11-21
12296,211,Francisco Sara,1965-02-15,M,M,2016-11-19
12299,274,Walter Serrano,1965-06-10,M,M,2017-11-10
12300,180,Adriana Gonzalez,1966-07-18,S,F,2016-11-24
12301,223,Nichole Nara,1966-12-05,S,F,2016-11-10
12305,234,Xavier Bailey,1974-07-06,M,M,2017-12-29
12307,226,Brad She,1974-11-13,M,M,2016-11-29
12308,184,Margaret He,1974-04-25,M,F,2016-12-04
12321,211,Rosa Hu,1971-02-15,M,F,2016-12-03
12337,6,Dustin Goldstein,1995-10-09,S,M,2017-06-07
12338,38,Monica Vance,1996-07-08,S,F,2017-06-26
12339,29,Clayton Jai,1996-07-08,S,M,2017-07-16
12340,21,Stacy Diaz,1996-11-05,S,F,2017-07-26
12341,5,Katie Kumar,1996-09-09,M,F,2017-07-07
12342,18,Morgan Young,1995-03-09,M,F,2017-07-13
12343,9,Gloria Ruiz,1994-06-04,M,F,2017-07-20
12346,15,Wesley Gao,1995-05-22,S,M,2017-07-07
12347,40,Summer Madan,1995-02-21,M,F,2017-07-16
12348,6,Jimmy Vazquez,1994-02-24,M,M,2017-07-31
12349,15,Lacey Yuan,1994-07-26,S,F,2017-07-01
12350,34,Logan Hernandez,1993-02-25,M,M,2017-07-09
12353,24,Joe Ramos,1993-10-20,M,M,2017-07-28
12354,34,Lance Ortega,1993-08-07,M,M,2017-07-06
12355,19,Monique Ortega,1993-03-23,S,F,2017-07-01
12356,13,Julia Wood,1991-08-22,S,F,2017-07-12
12358,9,Lacey Raje,1990-02-26,M,F,2017-07-31
12360,12,Mario Goel,1991-07-26,S,M,2017-07-19
12398,187,Ashley Clark,1991-07-12,S,F,2016-12-18
12510,205,Roberto Sanz,1982-11-20,M,M,2017-02-27
12607,213,Tamara Zhu,1980-09-22,M,F,2017-03-04
12620,190,Maurice Lal,1989-04-17,M,M,2017-03-23
12621,198,Barry Martinez,1989-12-12,M,M,2017-03-28
12667,31,Maria Wood,1996-11-22,M,F,2017-08-04
12668,19,Melissa Patterson,1996-04-26,S,F,2017-08-13
12669,2,Irving Schmidt,1996-03-04,S,M,2017-08-10
12670,18,Sarah Martinez,1995-07-21,S,F,2017-08-26
12671,26,Alan Huang,1994-02-11,S,M,2017-08-12
12673,35,Colin Stone,1995-08-28,M,M,2017-08-27
12674,26,Jimmy Travers,1995-07-27,M,M,2017-08-23
12675,37,Holly Fernandez,1993-10-05,S,F,2017-08-13
12676,32,Michele Madan,1994-06-28,S,F,2017-08-21
12677,2,Cedric Liu,1994-11-05,M,M,2017-08-07
12680,18,George Sanchez,1992-07-02,S,M,2017-08-24
12681,21,Christy Chow,1992-03-08,S,F,2017-08-29
12683,25,Laura Zhou,1993-02-01,S,F,2017-08-21
12684,4,Shaun Shen,1993-05-23,M,M,2017-08-09
12685,40,Jaclyn Xu,1992-03-22,M,F,2017-08-01
12686,32,Trisha Zhou,1992-10-18,S,F,2017-08-31
12687,2,Marshall Li,1992-04-20,S,M,2017-09-18
12688,24,Stacy Navarro,1992-08-04,S,F,2017-09-09
12689,21,Tamara Pal,1992-10-05,S,F,2017-09-24
12693,14,Ruth Gonzalez,1991-01-09,M,F,2017-09-03
12694,17,Jay Arthur,1992-01-11,S,M,2017-09-13
12698,13,Mohamed Pal,1990-05-14,M,M,2017-09-14
12699,35,Amy Chow,1990-03-18,M,F,2017-09-15
12700,24,Mindy Kumar,1991-03-20,M,F,2017-10-30
12701,10,Gary Gutierrez,1991-10-18,M,M,2017-10-19
12702,27,Yolanda Shan,1991-09-07,M,F,2017-10-20
12703,6,Renee Suarez,1991-06-20,M,F,2017-10-06
12705,30,Andre Garcia,1989-08-10,M,M,2017-10-01
12706,24,Louis Liang,1989-01-13,M,M,2017-10-14
12750,212,Teresa Vazquez,1990-08-11,S,F,2017-04-12
12754,223,Lindsey Deng,1990-06-20,M,F,2017-04-08
12805,215,Marvin Moreno,1988-06-13,M,M,2017-04-26
12987,39,Felicia Moreno,1989-05-12,M,F,2017-10-18
12988,5,Barbara Goel,1989-01-26,S,F,2017-10-02
12989,3,Carly Goel,1989-11-13,M,F,2017-10-02
12990,25,Leslie Hernandez,1989-10-15,S,F,2017-10-19
12991,3,Jésus Serrano,1988-03-12,M,M,2017-10-19
12994,27,Anna Martinez,1990-04-09,S,F,2017-10-29
12995,13,Grant Nara,1990-09-02,M,M,2017-10-18
12996,28,Jaclyn Liu,1990-05-13,M,F,2017-10-23
12998,8,Mayra Mehta,1988-01-11,S,F,2017-10-02
12999,7,Nichole Shen,1987-06-20,S,F,2017-10-24
13000,31,Rafael Raje,1989-09-20,M,M,2017-10-11
13001,39,Clarence Zhang,1989-09-06,S,M,2017-10-25
13006,34,Whitney Rana,1986-04-21,S,F,2017-10-25
13007,27,Brooke Ward,1985-10-05,S,F,2017-10-07
13010,27,Erica Ye,1985-08-16,M,F,2017-10-29
13011,34,Anne Ortega,1985-05-04,S,F,2017-10-21
13012,4,Krystal Hu,1985-09-24,S,F,2017-10-21
13038,5,Wilson Pais,1970-02-01,M,M,2017-10-13
13049,23,Autumn Wang,1973-07-06,M,F,2017-10-24
13051,4,Ethan Jones,1974-11-27,S,M,2017-10-13
13075,32,Kelvin Lin,1975-04-11,M,M,2017-10-23
13076,30,Craig Munoz,1975-03-03,S,M,2017-10-23
13077,14,Alejandro Goel,1976-05-24,S,M,2017-10-24
13078,15,Michele Chande,1976-01-22,S,F,2017-10-08
13079,38,Edwin Bhat,1977-02-26,S,M,2017-10-26
13080,30,Denise Mehta,1977-05-18,S,F,2017-11-06
13081,25,Krista Ruiz,1977-03-24,S,F,2017-11-28
13082,33,Juan Peterson,1978-02-24,S,M,2017-11-08
13089,27,Elizabeth Alexander,1979-09-01,M,F,2017-11-20
13090,27,Wayne Tang,1979-06-01,S,M,2017-12-24
13091,21,Deanna Martin,1979-08-11,S,F,2017-12-26
13103,34,Brendan Raji,1983-08-02,S,M,2017-12-28
13104,3,Gregory Becker,1983-04-12,S,M,2017-12-12
13257,120,Jon Chander,1977-07-06,M,M,2016-07-16
13258,133,Anne Dominguez,1977-03-03,M,F,2016-07-08
13259,170,Allen Garcia,1977-11-07,M,M,2016-07-26
13260,171,James Flores,1977-10-09,M,M,2016-07-20
13261,160,Lindsey Andersen,1977-04-05,M,F,2016-07-11
13263,188,Kate Anand,1976-04-24,S,F,2017-05-16
13264,121,Melanie Sanchez,1976-05-23,M,F,2016-07-06
13265,160,Luke Adams,1976-01-22,S,M,2016-07-14
13405,189,Ethan Bryant,1977-10-05,M,M,2017-05-04
13406,170,Craig Jiménez,1977-01-05,M,M,2016-07-31
13540,117,Paula Ortega,1980-03-06,M,F,2016-08-12
13541,157,Ashlee Xu,1980-08-12,M,F,2016-08-31
13555,183,Tammy Smith,1989-09-13,M,F,2017-06-26
13556,205,Alisha Nath,1989-11-13,S,F,2017-06-21
13558,190,Karen Lu,1989-06-22,M,F,2017-06-18
13559,123,Lori Ramos,1989-06-17,S,F,2016-08-29
13560,167,Andres Shan,1989-08-16,M,M,2016-09-19
13575,211,Alicia Shen,1964-08-25,M,F,2017-07-21
13577,204,Theodore Torres,1965-08-14,M,M,2017-07-24
13579,121,Alan Chen,1966-02-26,M,M,2016-09-27
13580,172,Carol Xu,1966-07-18,M,F,2016-09-23
13584,267,Isaiah Cox,1973-08-17,S,M,2016-07-29
13585,243,Savannah Morris,1973-05-17,M,F,2016-07-25
13590,277,Louis Xie,1973-05-18,M,M,2016-07-06
13591,278,Latasha Alonso,1973-05-25,M,F,2016-07-05
13592,207,Gabriella Collins,1972-06-07,M,F,2017-07-05
13595,220,Cole Stewart,1971-06-02,S,M,2017-07-16
13600,273,Marie Sanz,1971-02-19,M,F,2016-08-06
13602,231,Virginia Mehta,1970-05-17,M,F,2016-08-08
13605,184,Gerrit Straatsma,1969-11-18,M,M,2017-07-24
13606,118,Drew Sharma,1969-07-01,M,M,2016-10-18
13607,145,Levi Rana,1969-04-05,S,M,2016-10-19
13685,123,Briana Torres,1993-02-16,M,F,2016-10-30
13686,128,Peter Jai,1993-10-14,M,M,2016-10-09
13697,172,Jésus Munoz,1991-06-24,S,M,2016-10-25
13768,216,Ross Munoz,1988-04-20,M,M,2017-07-20
13769,205,Brendan Kumar,1988-09-02,M,M,2017-07-20
13770,131,Gerald Moreno,1988-07-26,M,M,2016-10-20
13771,147,Victor Moreno,1988-12-24,S,M,2016-11-09
13782,144,Kelli Lu,1987-07-21,M,F,2016-11-03
13822,117,Jay Moyer,1982-06-08,M,M,2016-12-15
13823,213,Margaret Zheng,1982-05-06,M,F,2017-08-19
13841,278,Clayton Kumar,1994-01-04,S,M,2016-09-22
14146,238,Toni Sara,1979-07-22,M,F,2016-10-20
14150,243,Billy Munoz,1979-02-21,M,M,2016-10-10
14157,255,Willie Xu,1989-04-14,S,M,2016-10-11
14160,117,Brittney Hu,1989-07-05,M,F,2017-02-23
14161,115,Claudia Li,1989-02-02,S,F,2017-02-04
14162,131,Brett Garcia,1989-11-18,M,M,2017-02-10
14163,153,Ebony Garcia,1989-10-23,M,F,2017-02-19
14164,130,Kari Smith,1989-11-12,S,F,2017-02-13
14171,118,Michele Lal,1964-09-05,S,F,2017-02-08
14183,260,Robyn Carlson,1973-10-17,S,F,2016-10-11
14185,211,Frank Vazquez,1972-11-19,S,M,2017-09-18
14186,192,Katrina Tang,1972-06-26,M,F,2017-09-21
14191,266,Derrick Martin,1971-01-15,M,M,2016-10-12
14192,222,Ronald Kapoor,1970-08-23,M,M,2017-09-22
14195,247,Clinton Blanco,1970-05-04,S,M,2016-10-23
14200,215,Colleen Goel,1968-10-07,M,F,2017-09-10
14203,220,Seth Rodriguez,1967-05-14,S,M,2017-09-02
14424,213,Stefanie Raman,1977-07-08,S,F,2017-09-05
14427,251,Emmanuel Patel,1976-05-08,M,M,2016-10-07
14428,173,Cassie Andersen,1975-10-12,S,F,2017-03-01
14525,238,Claudia Sun,1997-06-07,M,F,2016-10-09
14697,248,Nelson Jimenez,1992-02-10,S,M,2016-11-29
14702,234,Curtis Zimmerman,1992-12-07,M,M,2016-11-07
14712,252,Eugene Liu,1991-11-22,S,M,2016-11-20
14713,172,Jon Ye,1990-07-08,S,M,2017-03-14
14714,183,Meghan Diaz,1990-08-11,S,F,2017-10-24
14716,184,Shannon Zhou,1991-06-01,S,F,2017-10-11
14719,182,Ronnie He,1990-04-08,M,M,2017-10-09
14770,229,Melvin Andersen,1988-06-05,M,M,2016-12-29
14771,249,Heidi Vance,1988-08-23,M,F,2016-12-19
14774,143,Max Ferrier,1988-03-17,S,M,2017-03-04
14778,242,Renee Jimenez,1987-06-21,S,F,2016-12-14
14833,241,Riley Hayes,1982-06-13,S,F,2016-12-12
14843,243,Lee Vazquez,1995-07-07,S,M,2016-12-18
14846,259,Kelsey Chande,1994-11-13,S,F,2017-01-20
14847,270,Vadim Sazanovich,1994-03-12,S,F,2017-01-21
14928,251,Roy Patel,1988-03-21,M,M,2017-01-30
14929,276,Peter Anand,1988-10-03,M,M,2017-01-18
14937,278,Brendan Xu,1986-11-23,S,M,2017-01-07
14940,151,Carmen Rana,1987-02-23,M,F,2017-05-19
14941,261,Emma Patterson,1986-07-27,S,F,2017-01-14
14947,234,Alejandro Chen,1985-01-11,S,M,2017-01-02
14949,235,Steve Wu,1985-04-14,M,M,2017-01-18
14950,267,Maria Hernandez,1984-08-27,S,F,2017-01-13
15080,134,Evelyn Chandra,1989-11-09,M,F,2017-06-30
15084,133,Adrienne Serrano,1989-09-20,S,F,2017-07-25
15100,171,Brenda Chandra,1966-11-23,M,F,2017-07-07
15101,162,Shawn Shan,1966-10-17,S,M,2017-07-07
15114,176,Erika Munoz,1971-10-27,M,F,2017-07-04
15116,133,Mackenzie Ramirez,1970-04-26,M,F,2017-07-04
15117,129,Dana Dominguez,1969-05-14,M,F,2017-07-22
15357,157,Craig Navarro,1975-10-22,M,M,2017-07-12
15625,142,Clinton Alvarez,1992-10-17,M,M,2017-08-11
15626,155,Eduardo White,1992-07-23,M,M,2017-08-31
15627,146,Troy Srini,1992-12-24,S,M,2017-08-20
15630,260,Nichole Tang,1991-05-03,S,F,2017-04-26
15631,263,Clayton Andersen,1991-11-12,S,M,2017-04-26
15632,245,Gloria Carlson,1991-01-09,M,F,2017-05-12
15638,259,Rosa He,1961-07-26,M,F,2017-05-22
15652,229,Barbara Wang,1981-05-25,M,F,2017-05-20
15653,254,Gerald Madan,1981-06-07,S,M,2017-05-12
15657,271,Marcus Hayes,1980-06-20,M,M,2017-05-08
15660,250,April Jai,1979-09-02,M,F,2017-06-19
15661,269,Brandon Robinson,1979-08-20,M,M,2017-06-08
15662,279,Megan Richardson,1980-05-24,M,F,2017-06-08
15675,120,Jay Alonso,1989-10-16,M,M,2017-09-10
15684,168,Tyrone Suarez,1964-07-10,S,M,2017-09-10
15685,172,Robin Vazquez,1964-06-09,M,F,2017-09-26
15693,127,Isabel Barnes,1974-07-19,S,F,2017-09-29
15697,121,Julia Morris,1973-07-06,M,F,2017-09-17
15926,153,Donna Deng,1976-02-12,S,F,2017-09-02
15927,164,Gilbert Huang,1976-12-04,S,M,2017-09-08
15928,171,Priscilla Pal,1976-05-08,S,F,2017-09-23
15932,178,Tabitha Jimenez,1975-09-11,M,F,2017-09-07
16033,248,Erica Lin,1991-10-15,M,F,2017-07-11
16045,260,Evelyn Sara,1978-07-04,M,F,2017-07-23
16046,275,Robyn Gomez,1978-08-20,S,F,2017-07-06
16053,267,Frederick Perez,1976-06-18,M,M,2017-07-29
16196,145,Kurt Raheem,1993-10-21,M,M,2017-09-08
17647,186,Molly Lopez,1991-11-15,S,F,2017-12-06
17648,211,Gilbert Sharma,1991-04-17,S,M,2017-12-27
17651,208,Ethan Butler,1990-02-25,S,M,2017-12-05
18626,118,Tony Pal,1992-09-08,S,M,2017-12-25
19802,56,Sara James,1994-07-13,S,F,2016-07-30
20075,66,Aaron Allen,1973-05-18,S,M,2017-06-04
20716,157,Kristina Arun,1993-09-13,M,F,2017-11-05
22971,49,Morgan Howard,2000-11-06,S,F,2017-01-09
22975,53,Courtney Turner,1998-09-12,S,F,2017-01-06
23566,52,Benjamin Shan,1999-03-27,S,M,2017-04-06
23806,52,Olivia Foster,1978-08-19,M,F,2017-04-29
24491,66,Kaitlyn Russell,2000-05-05,S,F,2017-06-19
24493,55,Seth Bennett,1999-03-28,S,M,2017-06-04
24501,50,Victoria Garcia,1999-04-28,S,F,2017-06-29
24646,62,Juan Murphy,1964-07-12,M,M,2017-06-23
24781,41,Carmen Garcia,1992-10-22,M,F,2017-07-07
24786,60,Haley Adams,1990-01-24,M,F,2017-07-19
24817,66,Victoria Richardson,1989-10-11,M,F,2017-07-20
24824,59,Alexandria Wood,1985-09-08,S,F,2017-07-18
24832,55,Morgan Martin,1985-08-02,M,F,2017-07-30
24976,64,Stephanie Cooper,1969-07-17,M,F,2017-07-05
24977,69,Sophia Green,1969-07-12,M,F,2017-07-14
25046,57,Caleb Long,1993-09-10,M,M,2017-07-05
25061,68,Julia Hughes,1994-07-23,S,F,2017-07-25
25093,55,Madison Griffin,1987-06-27,S,F,2017-07-17
25094,68,Charles Thomas,1987-03-15,S,M,2017-07-15
25095,69,Adam Jai,1987-07-14,S,M,2017-08-04
25100,49,Kristen Huang,1979-05-14,M,F,2017-08-06
25361,60,Haley Ross,1978-06-21,S,F,2017-08-05
25363,62,Alexandria Gray,1978-02-19,M,F,2017-08-11
25371,49,Renee Gomez,1992-02-22,M,F,2017-08-17
25393,66,Lucas Cox,1991-12-14,M,M,2017-08-27
25857,552,Abigail Perry,1964-09-05,S,F,2016-07-22
25861,385,Garrett Cooper,1965-02-26,M,M,2016-07-09
25864,68,Petr Lazecky,1966-06-07,M,F,2017-08-12
25875,60,Jocelyn Price,1968-06-12,M,F,2017-08-19
25883,71,Luis Carter,1969-02-03,M,M,2017-08-17
25892,60,Stephanie Price,1971-03-21,M,F,2017-08-15
25911,51,Alexandra Sanders,1998-04-02,S,F,2017-09-30
25995,62,Jack Phillips,1981-04-02,M,M,2017-12-28
25999,71,Joshua Thompson,1980-07-01,M,M,2017-12-27
26127,608,Terry Chander,1969-04-02,M,M,2017-07-09
26174,548,Isaac Adams,2000-06-26,S,M,2017-07-11
26183,298,Allen Arthur,1997-02-04,S,M,2017-07-27
26249,641,Thomas Ross,1974-10-01,M,M,2017-07-12
26316,59,Stephanie Hughes,1989-10-07,S,F,2017-08-19
26481,331,Luke Young,1965-10-03,M,M,2017-10-21
26482,62,Sydney Hill,1965-05-17,M,F,2017-11-21
26496,70,Cassidy Griffin,1968-11-08,M,F,2017-11-27
26503,55,Jeremiah Townsend,1969-02-03,M,M,2017-12-05
26504,62,Jennifer Robinson,1969-08-20,M,F,2017-12-16
26512,52,Christina Cooper,1970-02-01,M,F,2017-12-08
26620,63,Isabella Green,1987-05-21,S,F,2016-07-30
26629,53,Miranda Price,1980-02-06,M,F,2016-08-19
26630,64,Vanessa Powell,1980-03-15,M,F,2016-10-22
26643,66,Benjamin Miller,1978-10-13,M,M,2016-11-27
26782,69,Seth Lewis,2000-09-25,S,M,2017-01-01
26789,55,Chase Morris,1998-11-10,S,M,2017-02-06
27026,54,Jonathan Perry,1975-07-11,S,M,2017-06-03
27027,59,Jennifer White,1975-07-14,S,F,2017-08-08
27043,59,Dalton Murphy,1978-06-09,S,M,2017-08-17
27053,59,Steven Cook,1979-03-24,S,M,2017-09-16
27060,60,Lucas Coleman,1993-03-28,M,M,2017-09-26
27062,66,Edward Harris,1993-04-03,S,M,2017-09-28
27071,58,Anthony Clark,1991-01-09,S,M,2017-09-08
27082,60,Zachary Taylor,1990-03-08,M,M,2017-10-24
27084,71,Fernando Russell,1990-03-03,M,M,2017-10-01
27085,58,Christian Wilson,1990-10-02,M,M,2017-11-27
27099,50,Zachary Williams,1990-10-03,M,M,2017-11-27
27101,51,Eduardo Bell,1990-03-05,S,M,2017-11-27
27102,55,Katherine Miller,1990-07-12,S,F,2017-11-28
27242,59,Hunter Diaz,1993-06-19,M,M,2017-12-26
27252,59,Andrea Stewart,1991-07-17,M,F,2017-12-29
27253,49,Connor Jai,1992-04-15,M,M,2017-12-29
27259,62,Angela Diaz,1990-02-28,M,F,2017-12-20
27265,53,Isabella Thomas,1989-09-08,S,F,2017-12-05
27577,632,Patrick Cook,1978-06-04,S,M,2016-07-09
27578,334,Courtney Carter,1978-11-08,M,F,2016-07-17
27601,301,Sydney Rogers,1973-11-10,S,F,2016-07-05
27604,632,Richard Brooks,1977-03-03,M,M,2016-07-10
27605,638,Miguel Martinez,1977-01-22,M,M,2016-07-29
27611,316,Jack Edwards,1976-12-03,M,M,2016-07-29
27612,299,Lucas Hill,1976-11-25,M,M,2016-07-06
27614,609,Warren Ye,1976-07-08,M,M,2016-07-19
27649,637,Evan Bailey,1975-06-08,M,M,2016-07-19
27666,322,Alyssa Garcia,1974-07-26,M,F,2016-07-09
27672,59,Justin Brown,1973-04-07,S,M,2017-02-25
27673,611,Jennifer Young,1973-05-23,S,F,2016-07-31
27678,542,Angel Carter,1971-09-11,S,M,2016-08-20
27681,307,Olivia Jackson,1971-06-10,M,F,2016-08-18
27726,335,Sophia Hall,2000-03-26,S,F,2016-08-07
27752,69,Christian Butler,1995-05-23,S,M,2017-02-19
27759,635,Alexandria Brooks,1985-05-10,S,F,2016-08-20
27917,337,Andrea Sanders,1993-11-02,S,F,2016-08-21
28013,60,James Miller,1964-04-15,M,M,2017-02-13
28014,300,Rachel Robinson,1964-10-23,S,F,2016-08-07
28017,611,Christopher Martin,1965-06-24,S,M,2016-08-14
28018,355,Rachel Foster,1965-03-21,S,F,2016-08-02
28022,315,Jason Lopez,1966-06-12,S,M,2016-08-18
28036,66,Jonathan Gonzales,1968-06-05,S,M,2017-02-03
28039,352,Xavier Lee,1968-09-02,S,M,2016-08-12
28040,616,Jack Mitchell,1969-02-22,M,M,2016-08-11
28041,631,Rebecca Wright,1969-05-02,S,F,2016-08-30
28042,311,Joseph Brown,1969-04-15,S,M,2016-08-15
28044,311,Jimmy Navarro,1969-07-12,S,M,2016-08-19
28047,536,Jay Sanchez,1970-12-20,S,M,2016-08-18
28051,68,Thomas Young,1971-01-15,S,M,2017-02-28
28088,298,Marshall Lal,1999-04-28,M,M,2016-09-06
28092,50,Morgan Hall,1998-12-16,S,F,2017-02-11
28096,299,Alexandra Stewart,1998-11-19,M,F,2016-09-15
28097,307,Jennifer Barnes,1998-09-03,S,F,2016-09-09
28112,315,Savannah Evans,2000-07-22,M,F,2016-09-07
28129,66,Justin Griffin,1994-03-06,S,M,2017-02-13
28130,52,Joshua Taylor,1993-02-02,S,M,2017-02-14
28142,607,Willie Lin,1994-08-14,S,M,2016-09-26
28145,301,Brandon Jones,1994-11-11,S,M,2016-09-02
28147,298,Omar Black,1984-07-18,S,M,2016-09-30
28148,611,Jon Zhao,1984-02-19,S,M,2016-09-19
28149,334,William Miller,1984-08-11,M,M,2016-09-16
28150,336,Connor Chen,1984-11-06,S,M,2016-09-15
28161,57,Jessica Perry,1982-03-14,S,F,2017-02-11
28162,326,Bruce Ward,1982-06-11,M,M,2016-09-17
28163,553,Rachel Washington,1982-03-11,M,F,2016-09-23
28164,334,Gabrielle Coleman,1982-10-21,M,F,2016-09-14
28165,49,Alexa Rivera,1981-09-09,M,F,2017-02-12
28166,312,Cassidy Coleman,1981-07-04,M,F,2016-09-20
28167,338,Samuel Hughes,1981-02-19,S,M,2016-09-25
28168,337,Jacqueline Ward,1981-10-10,M,F,2016-09-04
28169,69,Lucas Blue,1981-03-18,M,M,2017-02-14
28170,325,Isabella Johnson,1981-01-21,M,F,2016-09-18
28171,612,Aidan Henderson,1981-10-16,M,M,2016-09-27
28172,301,Charles Moore,1981-11-27,M,M,2016-09-03
28173,49,Timothy Young,1980-02-01,S,M,2017-02-26
28176,56,Natalie Roberts,1987-07-04,S,F,2017-02-13
28177,62,Cameron Henderson,1987-08-18,S,M,2017-02-22
28178,69,Katherine James,1987-04-27,S,F,2017-02-06
28179,536,Billy Alvarez,1987-10-28,S,M,2016-09-07
28180,609,Jerry Chander,1987-08-04,S,M,2016-09-19
28181,543,Katherine Rodriguez,1980-03-06,M,F,2016-09-04
28182,385,Fernando Turner,1980-09-05,M,M,2016-09-05
28183,301,Nicole Howard,1980-07-04,M,F,2016-09-07
28184,345,Madison Russell,1980-06-10,M,F,2016-09-22
28185,301,Eric Alexander,1980-04-19,M,M,2016-09-06
28186,536,Jenny Wagner,1980-02-06,M,F,2016-09-05
28197,68,Kayla Rodriguez,1978-10-06,S,F,2017-02-11
28198,66,Jared Moyer,1978-02-10,M,M,2017-02-12
28199,360,Alyssa Jones,1978-05-10,S,F,2016-10-03
28200,369,Morgan Henderson,1978-03-10,M,F,2016-10-07
28221,361,Isabella Rodriguez,1977-11-13,M,F,2016-10-16
28222,552,Eduardo Lewis,1977-01-05,S,M,2016-10-01
28223,315,Jessica Davis,1977-07-07,S,F,2016-10-17
28270,644,Samuel Long,1975-03-26,S,M,2016-10-21
28271,300,Sean Gonzalez,1975-06-04,S,M,2016-10-08
28293,369,Shelby Cox,1974-02-15,S,F,2016-10-27
28294,337,Alexis Jenkins,1974-08-04,S,F,2016-10-27
28295,543,Wyatt Collins,1974-02-21,M,M,2016-10-27
28299,326,Jonathan Shan,1971-06-28,S,M,2016-10-16
28339,644,Sean Edwards,1998-07-22,S,M,2016-10-13
28340,368,Lucas Butler,1998-10-06,S,M,2016-10-18
28354,50,Ian Wilson,1985-06-22,S,M,2017-02-26
28355,385,Carlos James,1985-09-14,S,M,2016-10-18
28362,347,Kaylee Sanchez,1985-05-13,S,F,2016-10-20
28363,64,Savannah Travers,1985-02-19,S,F,2017-02-06
28389,222,Rachael Martinez,1984-12-18,S,F,2016-07-01
28390,215,Frederick Suri,1984-04-02,S,M,2016-07-27
28401,186,Maria Alexander,1985-12-04,S,F,2016-09-21
28407,190,Emma Miller,1983-10-28,S,F,2016-11-14
28414,184,Bradley Luo,1998-06-20,S,M,2016-11-21
28443,215,Alfredo Dominguez,1995-12-18,S,M,2017-02-03
28449,212,Jarred Gill,1990-01-10,M,M,2017-02-05
28458,205,Casey She,1982-06-09,S,F,2017-03-11
28470,225,Tamara Tang,1974-02-19,M,F,2017-03-07
28471,188,Phillip Sullivan,1974-08-24,S,M,2017-03-24
28478,187,Riley Long,1963-10-16,S,F,2017-03-13
28491,203,Cassie Jai,1981-04-22,S,F,2017-05-22
28492,190,Bethany Tang,1981-05-07,M,F,2017-05-12
28504,196,Reginald Gomez,1978-09-25,S,M,2017-06-19
28510,208,Gregory Andersen,1979-03-23,S,M,2017-07-18
28512,199,Dwayne Alonso,1990-11-12,S,M,2017-08-24
28519,215,Jésus Ramos,1989-10-15,M,M,2017-08-24
28529,183,Tara Chande,1988-06-08,S,F,2017-08-29
28532,197,Tony Xie,1988-12-06,M,M,2017-08-04
28540,216,Leah Zhang,1994-11-26,M,F,2017-08-20
28541,208,Isabella Perez,1994-04-03,S,F,2017-08-06
28547,202,April Shen,2000-07-12,S,F,2017-08-11
28559,224,Billy Gutierrez,1992-07-27,M,M,2017-09-11
28560,185,Peggy Smith,1992-04-06,S,F,2017-09-04
28573,612,Tyrone Gill,1994-04-09,S,M,2016-10-22
28574,59,Kayla Flores,1994-05-19,S,F,2017-02-26
28583,644,Ryan Long,1974-02-25,M,M,2016-10-20
28584,299,Rolando Smith,1974-05-03,M,F,2016-10-17
28586,335,Gabriel Diaz,1974-07-23,M,M,2016-10-19
28587,339,Xavier Harris,1974-02-24,M,M,2016-10-12
28588,374,Emma Griffin,1974-06-01,M,F,2016-10-14
28598,359,Wyatt Russell,1975-06-13,M,M,2016-10-03
28618,637,Katelyn Bailey,1978-09-22,M,F,2016-11-24
28619,343,Brianna Bailey,1978-02-08,M,F,2016-11-14
28620,53,Cole Richardson,1978-09-03,M,M,2017-02-11
28621,296,Kristen Liu,1978-09-25,M,F,2016-11-16
28624,51,Carson Jenkins,1978-07-25,S,M,2017-02-17
28625,638,Logan Griffin,1979-01-12,S,M,2016-11-27
28626,62,Bailey Hernandez,1979-02-24,S,F,2017-02-26
28627,374,Edward Collins,1979-06-22,S,M,2016-11-04
28628,611,Courtney Phillips,1979-01-06,S,F,2016-11-08
28629,298,Cynthia Madan,1979-08-06,M,F,2016-11-11
28630,66,Jack Zimmerman,1979-11-13,S,M,2017-02-02
28635,298,Levi Gonzalez,1993-02-07,M,M,2016-11-17
28643,372,Xavier Gray,1991-05-13,M,M,2016-11-19
28644,612,Martha Chow,1991-11-03,M,F,2016-11-12
28645,302,Martin Fernandez,1991-04-14,M,M,2016-11-05
28646,59,Alexis Moore,1992-06-01,M,F,2017-02-20
28647,60,Hannah Foster,1992-09-09,M,F,2017-02-20
28648,62,Dylan Harris,1992-04-24,M,M,2017-02-01
28649,302,Nathan Martinez,1992-10-12,S,M,2016-11-24
28650,347,Jessica Clark,1990-02-06,M,F,2016-11-08
28651,299,Lauren Brown,1990-02-10,M,F,2016-11-12
28652,51,Mariah Murphy,1990-06-23,M,F,2017-03-12
28653,300,Grace Williams,1990-09-09,M,F,2016-11-02
28654,548,Miguel Nelson,1990-07-08,M,M,2016-11-08
28655,642,Devin Smith,1989-12-02,M,M,2016-11-08
28656,63,Lucas Murphy,1989-05-22,M,M,2017-03-01
28657,545,Ryan Hayes,1989-11-05,S,M,2016-11-26
28658,334,Jasmine Bailey,1989-05-20,S,F,2016-11-10
28659,54,Vanessa Simmons,1989-03-12,S,F,2017-07-27
28660,536,Justin Anderson,1991-11-15,S,M,2016-11-01
28661,626,Dalton Ward,1991-04-10,S,M,2016-11-29
28663,68,Marcus Coleman,1989-06-04,S,M,2017-07-06
28669,49,Jordan Carter,1990-07-09,S,M,2017-07-26
28670,627,Julia Gonzales,1990-02-27,M,F,2016-11-21
28675,383,Angel Mitchell,1987-09-09,S,M,2016-11-08
28676,301,Alex Bailey,1987-10-20,S,M,2016-11-21
28683,209,Mallory Munoz,1990-10-09,S,F,2017-09-14
28685,221,Marshall Zhu,1990-03-16,M,M,2017-09-03
28689,192,Kelvin Zhang,1989-05-27,S,M,2017-10-21
28690,211,Cory Chandra,1990-04-09,S,M,2017-10-30
28707,225,Sharon Raje,1971-04-27,S,F,2017-10-16
28708,184,Darryl Sun,1971-09-09,S,M,2017-10-09
28711,215,Rebekah Torres,1988-11-25,M,F,2017-10-06
28724,194,Marvin Navarro,1994-10-07,S,M,2017-10-25
28727,188,Brett Madan,2000-11-01,S,M,2017-11-29
28728,186,Dylan Long,2000-02-12,S,M,2017-12-19
28736,212,Paula Navarro,1993-04-23,S,F,2017-12-30
28739,220,Mya Perry,1993-03-22,S,F,2017-12-18
28749,221,Franklin Zhou,1992-10-08,S,M,2017-12-24
28761,315,Robert Campbell,1995-10-19,S,M,2016-11-05
28763,302,Mohamed Pal,1994-07-23,S,F,2016-11-16
28765,358,Abigail Gonzales,1994-02-25,M,F,2016-11-11
28766,41,Joe Alonso,1995-02-03,S,M,2017-07-08
28772,552,Eric Hughes,1974-04-27,M,M,2016-11-07
28774,311,Latasha Rowe,1974-05-21,M,F,2016-11-07
28775,335,Morgan Anderson,1974-05-26,M,F,2016-11-15
28778,49,Maurice Sharma,1975-09-10,M,M,2017-02-02
28790,542,Seth Howard,1978-08-10,S,M,2016-11-04
28792,612,Henry Stone,1978-03-09,S,M,2016-11-06
28794,552,Juan Cooper,1979-11-01,S,M,2016-11-04
28795,345,Jesse Allen,1979-01-14,S,M,2016-11-16
28797,348,Alexandra Wood,1979-10-18,S,F,2016-11-19
28798,62,Timothy Phillips,1979-06-17,S,M,2017-08-27
28799,325,Amber Nelson,1979-06-14,S,F,2016-11-19
28802,56,Allison Nelson,1992-09-16,M,F,2017-08-04
28804,301,Wyatt Allen,1992-12-13,S,M,2016-12-05
28805,339,Marissa Bennett,1992-08-20,M,F,2016-12-26
28807,539,Maria Cox,1993-09-12,M,F,2016-12-11
28818,49,Dwayne Hernandez,1992-05-02,M,M,2017-08-15
28819,58,Grace Bennett,1992-10-11,M,F,2017-08-06
28820,609,Naomi Alvarez,1992-07-20,M,F,2016-12-22
28821,618,Blake Jackson,1992-07-20,M,M,2016-12-12
28822,618,Amanda Alexander,1992-07-19,M,F,2016-12-31
28823,631,Xavier Brown,1992-11-17,M,M,2016-12-23
28824,634,Brandon Gonzales,1992-11-08,S,M,2016-12-23
28825,635,Caleb Hernandez,1992-08-04,M,M,2016-12-06
28826,553,Jack Sharma,1992-07-13,M,M,2016-12-29
28827,312,Joshua Robinson,1992-03-26,M,M,2016-12-03
28829,299,Robert Bryant,1990-02-15,M,M,2016-12-01
28830,632,Matthew Smith,1990-06-23,M,M,2016-12-17
28831,329,Elizabeth Harris,1990-01-15,M,F,2016-12-21
28832,66,Joseph Rodriguez,1990-05-05,M,M,2017-08-07
28833,614,Abigail Harris,1989-11-03,M,F,2016-12-11
28834,69,Natalie Hill,1989-04-28,M,F,2017-08-20
28835,312,Elijah Phillips,1989-03-25,S,M,2016-12-20
28836,53,Lauren Cook,1991-08-08,S,F,2017-08-18
28837,59,Victoria Rodriguez,1991-10-20,M,F,2017-08-12
28838,611,Jasmine Ross,1991-10-26,S,F,2016-12-12
28839,552,Connor Parker,1991-04-13,M,M,2016-12-31
28843,300,Chloe Price,1989-01-21,M,F,2016-12-20
28848,69,Justin Butler,1987-07-26,S,M,2017-08-14
28849,641,Garrett Murphy,1987-10-23,S,M,2016-12-18
28850,49,Nelson Hernandez,1990-11-04,S,M,2017-08-06
28851,616,Miguel Mitchell,1990-01-27,S,M,2016-12-19
28852,542,Mariah Watson,1990-09-07,M,F,2016-12-09
28853,627,Miguel Davis,1990-10-06,M,M,2016-12-03
28856,641,Luke Wang,1987-06-21,M,M,2016-12-13
28857,315,Matthew Johnson,1987-06-17,S,M,2016-12-06
28966,311,Martha Li,1969-02-18,S,F,2016-12-15
28988,310,Harold Perez,1964-02-22,S,M,2016-12-02
28989,545,Angela Cox,1964-01-17,S,F,2016-12-22
28990,311,Ann Raman,1964-03-06,S,F,2016-12-20
28993,545,Destiny Perry,1965-11-12,M,F,2016-12-19
28997,307,Hector Carlson,1967-11-27,S,M,2016-12-04
29008,301,Andres Luo,1969-12-02,S,M,2016-12-24
29010,310,Jennifer Long,1969-12-02,S,F,2016-12-23
29013,71,Emma Hall,1970-05-10,S,F,2017-08-24
29016,627,Jackson Perez,1970-03-20,S,M,2016-12-22
29017,553,Gabriel Long,1970-06-26,M,M,2016-12-16
29056,383,Angelica Griffin,1999-03-05,M,F,2016-12-11
29058,312,Olivia Reed,1998-01-03,S,F,2016-12-07
29059,315,Jocelyn Perry,1998-06-20,S,F,2016-12-27
29060,331,David Washington,1998-04-01,S,M,2016-12-21
29070,334,Arianna Simmons,1998-05-15,S,F,2016-12-30
29106,302,Calvin Beck,1995-03-07,S,M,2016-12-27
29108,316,Seth Evans,1995-06-22,S,M,2016-12-12
29110,338,Sydney Smith,1993-04-11,S,F,2016-12-18
29126,301,Chloe Cox,1994-09-26,S,F,2016-12-02
29132,314,Brianna Cook,1984-06-16,S,F,2016-12-24
29135,50,Adam Allen,1984-10-04,M,M,2017-08-25
29136,298,Caroline Bryant,1984-05-08,M,F,2016-12-11
29139,374,Riley Coleman,1988-08-22,S,F,2016-12-07
29140,632,Richard Ward,1983-11-28,S,M,2017-01-06
29141,299,Suzanne Wang,1982-07-17,S,F,2017-01-08
29142,302,Ashley Smith,1982-05-24,M,F,2017-01-06
29143,334,Grace Jenkins,1982-03-16,S,F,2017-01-02
29144,634,Brandon Zhang,1982-02-11,M,M,2017-01-24
29145,631,Shelby Gray,1982-08-10,M,F,2017-01-19
29146,614,Ian Henderson,1982-10-08,M,M,2017-01-08
29147,627,Mary Roberts,1981-02-14,S,F,2017-01-27
29148,339,Gabriella Murphy,1981-11-13,S,F,2017-01-21
29149,49,Ariana Bell,1981-08-20,M,F,2017-09-18
29150,542,Wyatt Griffin,1981-07-12,M,M,2017-01-31
29151,307,Caroline Long,1981-03-23,M,F,2017-01-04
29152,68,Steven Sanders,1981-07-25,M,M,2017-09-19
29154,52,Eduardo Bennett,1987-09-16,S,M,2017-10-27
29155,633,Gabriella Kelly,1987-10-08,S,F,2017-01-28
29156,360,Ashley Barnes,1987-10-22,S,F,2017-01-22
29157,368,Seth Powell,1987-04-27,S,M,2017-01-17
29158,612,Ian Edwards,1980-12-11,M,M,2017-01-10
29159,68,Emma Morgan,1980-07-14,M,F,2017-10-25
29163,547,Mason Murphy,1979-02-06,S,M,2017-01-11
29169,611,Victoria Bailey,1978-09-18,S,F,2017-01-09
29170,302,Alexandra Adams,1978-10-16,S,F,2017-01-03
29198,383,Faith Ramirez,1973-07-06,M,F,2017-01-17
29207,642,Katelyn James,1976-01-27,M,F,2017-01-24
29208,609,Amber Lopez,1976-11-12,M,F,2017-01-23
29254,614,Erin Sanchez,1975-10-15,M,F,2017-01-17
29280,644,Erin Cook,1971-02-09,S,F,2017-02-22
29281,68,Charles Anderson,1970-02-26,S,M,2017-10-27
29285,300,Thomas Adams,1969-01-14,S,M,2017-02-10
29326,311,Victoria Diaz,2000-02-17,S,F,2017-02-10
29334,644,Paige Howard,1999-05-12,S,F,2017-02-14
29335,637,Justin Bryant,1998-03-10,S,M,2017-02-15
29336,63,Nathaniel Bailey,1998-07-17,S,M,2017-10-24
29340,52,Rachel Cox,1999-10-05,S,F,2017-02-26
29350,383,Julia Thompson,1985-11-09,S,F,2017-02-15
29352,300,Lydia Gonzalez,1985-08-11,S,F,2017-02-08
29354,627,Isaiah Edwards,1985-09-11,S,M,2017-02-23
29385,124,Don Lal,1983-03-05,S,M,2016-07-22
29410,120,Lucas Price,1999-02-21,S,M,2016-11-28
29448,132,Lindsey Yuan,1961-11-28,S,F,2016-11-01
29449,135,Laura Chen,1961-06-06,S,F,2016-11-13
29466,161,Lance Jimenez,1963-11-26,M,M,2016-12-16
29467,178,Monica Mehta,1981-10-16,M,F,2016-12-05
29474,174,Jaime Raje,1979-10-04,M,M,2016-12-20
29475,147,Jared Ward,1979-09-23,S,M,2016-12-30
29476,147,Elizabeth Bradley,1979-07-03,M,F,2017-01-21
29481,120,Ivan Suri,1980-01-05,S,M,2017-02-13
11003,11,Christy Zhu,1988-02-15,S,F,2016-07-01
11632,51,Alexandra Jenkins,1991-05-06,M,F,2018-08-03
11719,49,Blake Green,1980-05-08,M,M,2018-10-28
11731,302,Tanya Gill,1980-08-19,M,F,2018-09-17
11757,33,Vincent Cai,1988-05-14,M,M,2018-08-27
11995,39,Kelvin Carson,1980-06-14,M,M,2017-05-11
12006,27,Richard Blue,1982-03-16,M,M,2018-11-06
12056,54,Ian Ward,1962-06-15,M,M,2018-12-16
12077,65,Nicole Sandberg,1965-03-21,S,F,2018-08-02
12095,336,Austin Griffin,1968-02-25,M,M,2018-11-03
12107,69,Nathan Gonzales,1970-08-15,M,M,2018-09-01
12120,618,Xavier Simmons,1972-07-11,M,M,2017-05-06
12121,545,Logan Wilson,1972-09-25,S,M,2017-05-24
12220,217,Virginia Sara,1981-01-16,M,F,2016-09-09
12254,222,Calvin Deng,1963-02-26,S,M,2016-09-16
12260,236,Melinda Romero,1981-05-05,M,F,2018-08-17
12265,219,Alan Guo,1979-07-03,S,M,2016-10-27
12275,125,Adriana Madan,1990-06-11,S,F,2018-01-16
12290,187,Kaylee Morris,1988-04-25,S,F,2016-11-06
12435,297,Christy Zhou,1975-10-10,M,F,2017-06-06
12442,301,Allison Richardson,1977-08-04,M,F,2017-06-02
12448,543,Hailey Cox,1978-05-20,S,F,2017-06-28
12452,641,Sean Sanchez,1978-11-24,M,M,2017-06-23
12492,269,Brittany Price,1986-09-04,S,F,2018-01-14
12509,221,Marc Ferrier,1982-02-19,M,M,2018-08-25
12571,2,Jennifer Green,2000-05-19,M,F,2017-07-01
12595,248,Mathew Blanco,1981-06-19,S,M,2018-09-09
12665,33,Joy Suarez,1995-10-05,M,F,2018-12-31
12715,37,Eddie Gill,1983-07-18,M,M,2018-09-13
12729,265,Jose Perry,1999-05-16,S,M,2018-11-30
12755,368,Chloe Hughes,1995-10-02,S,F,2017-06-15
12756,300,Antonio Butler,1995-06-26,S,M,2017-06-20
12777,626,Joseph Anderson,1976-05-22,M,M,2017-06-09
13004,3,Randy Chen,1987-05-04,M,M,2018-12-24
13113,4,Bryant Sanchez,1986-07-14,S,M,2017-12-17
13126,36,Lydia Suri,1984-02-04,S,F,2017-12-09
13138,38,Teresa Alonso,1980-06-11,M,F,2018-08-06
13440,69,Sydney Miller,1982-02-18,S,F,2018-11-13
13460,55,Jasmine Walker,1974-09-21,S,F,2018-11-02
13505,236,Jamie Cai,1976-01-16,M,F,2018-12-09
13616,39,Cole Ramirez,1996-03-27,M,M,2018-01-15
13661,271,Andre Sara,1995-11-07,M,M,2016-08-08
13679,242,Sandra Li,1994-02-03,M,F,2016-08-26
13680,271,Jan Watson,1994-11-17,M,F,2016-08-20
13970,24,Pedro Rana,1988-04-17,S,M,2018-01-10
14030,40,Lawrence Sanz,1975-10-21,S,M,2018-02-25
14032,15,Arthur Chandra,1976-01-07,M,M,2018-02-05
14038,18,Madison Foster,1979-11-22,M,F,2018-02-11
14050,28,Manuel Lopez,1986-05-16,S,M,2018-02-09
14058,20,Johnny Anand,1985-06-14,S,M,2018-02-07
14063,8,Patrick Sands,1984-08-08,S,F,2018-02-17
14071,26,Jack Li,1978-11-27,S,M,2018-02-14
14091,54,Logan Thomas,1997-08-13,S,M,2018-08-04
14096,62,Samuel Green,1999-08-20,S,M,2018-12-13
14102,11,Lisa Huang,1962-02-27,S,F,2018-02-17
14147,155,Marcus Rivera,1978-03-17,M,M,2017-01-30
14167,118,Pamela Subram,1971-04-02,S,F,2017-02-14
14170,210,Rebekah Moreno,1988-11-02,S,F,2017-09-08
14184,267,Caleb Jenkins,1973-10-27,M,M,2018-10-06
14211,23,Emma Bradley,1995-03-15,S,F,2018-02-08
14214,7,Robyn Munoz,1995-06-26,S,F,2018-02-15
14215,28,Stacey Yang,1995-06-05,S,F,2018-02-15
14216,37,Edwin Zheng,1994-11-06,S,M,2018-02-08
14224,5,Tamara She,1993-09-21,S,F,2018-03-12
14312,21,Claudia Lin,1980-10-26,M,F,2018-08-22
14392,648,Justin Jackson,1967-08-24,M,M,2018-04-11
14518,21,Ann Mehta,1967-11-08,M,F,2018-08-21
14524,212,Carla Prasad,1998-05-19,M,F,2017-09-05
14566,50,Kaylee Mitchell,1991-10-04,M,F,2018-10-19
14641,71,Timothy Turner,1987-07-19,M,M,2018-10-10
14646,339,Dylan Garcia,1987-01-07,S,M,2016-12-26
14649,374,Grace Cox,1980-11-24,M,F,2016-12-21
14653,311,Troy Fernandez,1979-01-07,M,M,2017-01-25
14661,56,Jade Ward,1978-04-06,M,F,2018-11-03
14722,611,Sharon Carson,1994-12-27,S,F,2017-01-31
14809,239,Max Suarez,1983-04-07,S,M,2018-09-03
14997,161,Angel Cooper,1995-06-05,M,M,2017-06-08
14998,224,Robert Rodriguez,1994-04-16,S,M,2017-12-06
15004,191,Suzanne Hu,1993-12-05,S,F,2017-12-29
15033,11,Dana Moreno,1996-07-02,S,F,2018-04-28
15041,24,Michele Goel,1997-09-08,M,F,2018-04-28
15059,276,Lisa Zhu,1979-09-14,M,F,2017-02-09
15061,224,Margaret Ma,1980-05-28,M,F,2017-12-23
15077,279,Dominique Lopez,1989-05-16,M,F,2017-02-06
15097,241,Morgan Bennett,1965-04-23,M,F,2017-03-18
15147,27,Clarence Chen,1991-03-16,M,M,2018-10-21
15196,314,Isaiah Reed,1986-06-26,S,M,2017-07-30
15234,16,Kathleen Moreno,1978-07-25,S,F,2018-09-26
15321,322,Blake Phillips,1967-05-04,M,M,2017-09-27
15340,43,Brittany Barnes,1971-05-07,M,F,2018-09-17
15345,361,Ashley Perry,1971-05-16,M,F,2017-10-07
15349,374,Stephanie Gonzalez,1972-11-10,M,F,2017-10-31
15364,536,Aidan Bryant,1985-02-21,S,M,2017-10-13
15367,547,Alyssa White,1984-01-05,S,F,2017-11-24
15371,644,Cameron Bryant,1976-03-04,M,M,2017-11-17
15378,71,Devin Ward,1983-03-06,M,M,2018-08-26
15388,315,Victoria Smith,1981-01-19,M,F,2017-11-06
15419,539,Carlos Baker,1988-01-17,S,M,2017-12-16
15429,383,Aaron Li,1999-04-19,M,M,2017-12-22
15482,307,Audrey Rubio,1991-02-08,M,F,2018-01-12
15491,403,Shannon Li,1988-04-23,S,F,2018-01-01
15507,70,Hailey Campbell,1986-09-28,M,F,2018-08-01
15564,66,Eduardo Hughes,1979-02-25,M,M,2018-11-29
15676,224,Todd Wang,1989-04-07,S,M,2018-02-25
15691,273,Julian Henderson,1974-06-17,M,M,2017-06-29
15692,262,Ryan Garcia,1974-04-14,M,M,2017-06-02
15847,70,Edward White,1988-05-13,M,M,2018-11-15
15924,183,Omar Wang,1976-06-20,M,M,2018-03-18
15953,298,Julio Moreno,1954-04-11,M,M,2018-06-08
15994,612,Olivia Blue,1972-11-01,M,F,2018-06-18
16005,50,Jordan Hill,1958-10-07,S,M,2018-08-13
16103,62,Haley Hill,1985-10-11,S,F,2018-08-31
16206,127,Cindy Lewis,1991-05-19,S,F,2017-10-17
16260,262,Gina Schmidt,1986-02-20,S,F,2017-08-05
16277,274,Christy Luo,1984-09-28,M,F,2017-08-31
16513,205,Ronnie Wagner,1963-05-14,S,M,2018-06-01
16580,184,Dawn Chen,1974-07-04,M,F,2018-06-19
16585,274,Vincent Sun,1974-05-06,M,M,2017-10-09
16594,265,Andrew Jones,1972-03-04,M,M,2017-11-22
16595,267,Cameron Anderson,1972-07-19,M,M,2017-11-19
16683,26,Christy Rai,1987-03-05,M,F,2018-11-30
16754,54,Alex Bell,1992-12-05,S,M,2018-09-18
16824,123,Randall Munoz,1977-05-17,M,M,2018-01-22
17182,279,Jessica Patterson,1978-05-10,S,F,2017-12-02
17185,279,Karla Anand,1977-09-21,M,F,2017-12-22
17187,183,Alejandro Ma,1975-04-01,S,M,2017-09-23
17188,209,Alexa Peterson,1975-09-21,M,F,2017-09-22
17195,215,Franklin Sharma,1964-05-22,M,M,2017-10-04
17198,147,Cheryl Jiménez,1964-10-18,S,F,2018-03-28
17199,163,Dennis Zhou,1965-11-08,M,M,2018-03-14
17209,120,Jacqueline James,1973-08-20,M,F,2018-03-28
17221,154,Ricky Navarro,1969-10-02,M,M,2018-03-07
17247,18,Michael Moore,1991-10-21,M,M,2016-09-10
17284,2,Gerald Martin,1988-07-05,S,M,2018-08-09
17482,59,Taylor Alexander,1997-05-02,S,F,2018-09-07
17891,211,Sharon Lal,1975-11-11,M,F,2018-06-24
17904,39,Gina Torres,2000-04-15,S,F,2016-10-03
17909,10,Joanna Ortega,1997-05-02,S,F,2016-10-22
17937,267,Heidi Kapoor,1980-11-18,M,F,2018-03-05
17940,131,Tommy Yuan,1979-03-08,M,M,2018-05-10
17950,180,Alberto Ortega,1978-11-19,M,M,2018-06-16
18125,178,Leah Cai,1978-05-20,M,F,2017-07-02
18130,171,Kaitlyn Mitchell,1977-02-08,S,F,2017-07-11
18133,131,Karen Smith,1976-01-10,S,F,2017-08-10
18186,261,Lori Hernandez,1967-08-02,M,F,2018-10-15
18193,6,Louis Yuan,1995-12-22,S,M,2016-10-10
18194,30,Yolanda Kumar,1994-09-12,M,F,2018-11-23
18255,34,Rachel Griffin,1985-07-09,S,F,2016-11-12
18523,53,Samuel Foster,1984-07-13,M,M,2018-09-18
18686,60,Logan Coleman,1991-10-13,S,M,2018-09-29
19001,70,Fernando Brown,1968-02-24,M,M,2018-09-15
19629,22,Theresa Carlson,1976-02-14,M,F,2018-10-03
19989,68,Ethan Thompson,1991-01-13,M,M,2017-02-22
20060,267,Kayla Jackson,1991-10-08,S,F,2016-09-21
20149,228,Heidi Arun,1962-10-03,M,F,2016-09-27
20261,23,Mariah Rivera,1982-03-26,M,F,2017-05-16
20621,14,Meredith Alonso,1992-02-06,M,F,2017-06-08
20628,12,Rodney Gutierrez,1990-11-25,S,M,2017-06-15
20629,11,Bonnie Raje,1990-03-02,M,F,2017-06-06
20764,62,Christian Taylor,1977-01-16,M,M,2018-11-18
20930,162,Drew Chande,1983-06-14,M,M,2018-05-24
21169,20,Nancy Arun,1990-08-23,M,F,2017-07-31
21180,39,Katherine Flores,1985-03-24,S,F,2017-07-22
21205,15,Denise Vance,1986-03-07,S,F,2017-07-27
22252,59,Makayla Brooks,1990-07-08,S,F,2016-12-24
23097,38,Tony Natsuhara,1970-09-07,S,M,2017-12-18
23313,10,Corey Lal,1967-12-13,M,M,2018-01-13
23316,20,Billy Blanco,1967-08-06,S,M,2018-01-10
23322,31,Wesley Li,1970-06-21,M,M,2018-01-23
23323,16,Alfredo Alonso,1970-09-27,M,M,2018-01-26
23539,37,Darren Munoz,1983-01-04,S,M,2018-02-18
23593,4,Krystal Zhou,1991-08-03,S,F,2018-02-06
23640,16,Bruce Jiménez,1995-01-08,M,M,2018-02-07
23648,23,Karla Chander,1994-07-28,S,F,2018-02-25
23992,32,Bonnie Chande,2000-05-15,S,F,2018-03-28
23993,13,Rachael Fernandez,2000-05-05,S,F,2018-03-21
23998,29,Arturo Raji,1998-05-26,M,M,2018-03-08
23999,37,Gilbert Li,1998-08-24,M,M,2018-03-31
24003,15,Warren Kumar,1997-12-20,S,M,2018-03-02
24162,7,Grant Raje,2000-07-17,M,M,2018-04-15
24503,4,Laura Ma,1961-05-26,M,F,2018-06-20
25029,13,Alberto Hernandez,1973-04-14,S,M,2018-02-07
25032,18,Meredith Rana,1974-01-17,S,F,2018-02-21
25033,7,Omar Zhu,1974-11-12,S,M,2018-02-02
25108,19,Gary Gill,1988-11-06,M,M,2018-04-02
25133,11,Kristine Gutierrez,1988-12-05,S,F,2018-05-10
25221,11,Erica Zhu,1981-04-17,S,F,2018-05-22
25228,12,Brad Ashe,1984-10-14,S,M,2018-06-25
25243,28,Tonya Rai,1978-03-08,S,F,2018-06-17
25272,16,Edwin Xu,1963-03-22,S,M,2016-08-24
25866,552,Tristan Perry,1966-11-10,M,M,2016-07-27
25888,642,Morgan Edwards,1970-04-23,M,F,2016-09-09
25920,38,Orlando Gutierrez,1966-06-17,M,M,2017-04-20
25946,19,Britta Simon,1973-03-23,M,F,2017-06-28
26011,302,Daisuke Yanagishima,1979-03-11,S,F,2017-03-08
26042,337,Devin Griffin,1977-10-06,M,M,2017-04-12
26091,369,Chloe Bennett,1981-08-21,M,F,2017-05-14
26106,338,Connor King,1980-03-12,S,M,2017-06-21
26114,299,Isaac Peterson,1973-02-17,S,M,2017-06-14
26292,609,Marty Simpson,1991-08-26,M,F,2017-08-26
26328,355,Edward Anderson,1990-04-08,S,M,2017-10-17
26339,644,Cindy James,1986-10-09,S,F,2017-10-19
26342,343,Eduardo Griffin,1989-08-16,S,M,2017-10-18
26487,536,Vincent Ma,1966-04-18,S,M,2017-10-18
26618,368,Amanda Morris,1980-02-18,M,F,2017-12-05
26622,614,Jan Howard,1987-09-05,S,F,2017-12-14
28393,216,Ramon Zheng,1986-07-07,S,M,2016-07-30
29167,611,Dawn Shen,1979-03-12,S,F,2017-01-04
99997,37,Siska Budi,1996-10-29,S,F,
99998,26,Diana Saraswati,1997-09-26,S,F,
99999,37,Aisyah Soebandono,1996-03-27,S,F,